id,created_at,closed_at,state,comments,title
651,2020-08-31 18:44:40.000000000,1970-01-01 00:00:00.000000001,open,0,Enh/expand tests
650,2020-08-29 09:37:07.000000000,1970-01-01 00:00:00.000000001,open,2,bookmark remote file not changed
649,2020-08-29 02:15:35.000000000,1970-01-01 00:00:00.000000001,open,0,Bump mocha from 7.1.2 to 8.1.3
648,2020-08-28 15:08:20.000000000,1970-01-01 00:00:00.000000001,open,2,first sync doesn't sync without specified server folder
647,2020-08-27 18:00:20.000000000,1970-01-01 00:00:00.000000001,open,4,E022: Folder #1097[Saved Tabs] supposedly contains non-existent bookmark 0
646,2020-08-26 01:27:12.000000000,2020-08-29 02:15:38.000000000,closed,1,Bump mocha from 7.1.2 to 8.1.2
645,2020-08-26 01:16:37.000000000,1970-01-01 00:00:00.000000001,open,0,Bump vuetify from 2.3.4 to 2.3.10
644,2020-08-26 01:15:49.000000000,1970-01-01 00:00:00.000000001,open,0,Bump sass-loader from 8.0.2 to 10.0.1
643,2020-08-25 11:44:44.000000000,1970-01-01 00:00:00.000000001,open,3,Error: Trying to remove a non-existing ite
642,2020-08-24 21:10:50.000000000,1970-01-01 00:00:00.000000001,open,0,Best funding providers
641,2020-08-24 07:19:27.000000000,1970-01-01 00:00:00.000000001,open,1,2 Errors E020: Could not parse server response. AND Trying to insert an already existing item into OrderTracker
640,2020-08-23 08:53:15.000000000,2020-08-23 16:59:48.000000000,closed,1,local hash cache
639,2020-08-21 08:37:53.000000000,1970-01-01 00:00:00.000000001,open,0,Bump @babel/preset-env from 7.10.4 to 7.11.0
638,2020-08-21 08:37:07.000000000,2020-08-26 01:16:42.000000000,closed,1,Bump vuetify from 2.3.4 to 2.3.9
637,2020-08-21 08:36:24.000000000,1970-01-01 00:00:00.000000001,open,0,Bump throttle-debounce from 2.1.0 to 2.3.0
636,2020-08-19 17:54:17.000000000,2020-08-19 22:33:17.000000000,closed,0,Fix #598
635,2020-08-18 13:48:07.000000000,2020-08-19 22:35:39.000000000,closed,0,Bump lodash from 4.17.19 to 4.17.20
634,2020-08-18 13:46:22.000000000,2020-08-19 22:34:18.000000000,closed,0,[Security] Bump dot-prop from 4.2.0 to 4.2.1
633,2020-08-18 07:17:56.000000000,2020-08-22 00:07:35.000000000,closed,1,"DPI: 120%, the plug-in display is incomplete（firefox）"
632,2020-08-17 08:40:27.000000000,1970-01-01 00:00:00.000000001,open,1,Bump p-queue from 5.0.0 to 6.6.1
631,2020-08-17 08:39:11.000000000,1970-01-01 00:00:00.000000001,open,0,Bump all-contributors-cli from 6.14.2 to 6.17.2
630,2020-08-12 12:28:08.000000000,2020-08-17 16:06:06.000000000,closed,0,Bump vue-router from 3.1.6 to 3.4.3
629,2020-08-10 08:53:44.000000000,2020-08-12 12:28:11.000000000,closed,1,Bump vue-router from 3.1.6 to 3.4.2
628,2020-08-08 22:22:26.000000000,1970-01-01 00:00:00.000000001,open,4,Error E018
627,2020-08-07 08:34:38.000000000,2020-08-10 08:53:47.000000000,closed,1,Bump vue-router from 3.1.6 to 3.4.1
626,2020-08-06 10:48:11.000000000,2020-08-07 08:34:40.000000000,closed,1,Bump vue-router from 3.1.6 to 3.4.0
625,2020-08-06 10:46:47.000000000,2020-08-26 01:15:52.000000000,closed,2,Bump sass-loader from 8.0.2 to 9.0.3
624,2020-08-05 09:44:48.000000000,2020-08-26 01:27:17.000000000,closed,1,Bump mocha from 7.1.2 to 8.1.1
623,2020-08-03 08:41:31.000000000,1970-01-01 00:00:00.000000001,open,1,Bump localforage from 1.7.3 to 1.9.0
622,2020-08-02 15:56:43.000000000,1970-01-01 00:00:00.000000001,open,5,Firefox and private windows
621,2020-08-02 00:46:55.000000000,2020-08-02 18:51:43.000000000,closed,2,Support syncing javascript bookmarks
620,2020-07-31 14:30:15.000000000,2020-08-01 22:29:17.000000000,closed,0,Bump @babel/core from 7.9.0 to 7.11.0
619,2020-07-31 14:24:01.000000000,2020-08-05 09:44:52.000000000,closed,1,Bump mocha from 7.1.2 to 8.1.0
618,2020-07-30 01:13:50.000000000,2020-08-17 16:06:21.000000000,closed,0,[Security] Bump elliptic from 6.5.2 to 6.5.3
617,2020-07-29 08:16:41.000000000,2020-07-30 17:33:13.000000000,closed,2,Make Floccus compatible with Owncloud
616,2020-07-29 08:02:50.000000000,1970-01-01 00:00:00.000000001,open,1,Feature request: Please add Firefox HTML bookmark file format support
615,2020-07-28 17:02:08.000000000,1970-01-01 00:00:00.000000001,open,3,Sync Tags from Firefox Bookmarks 
614,2020-07-27 08:28:05.000000000,2020-08-17 08:39:18.000000000,closed,1,Bump all-contributors-cli from 6.14.2 to 6.17.0
613,2020-07-23 23:48:36.000000000,2020-07-24 23:44:40.000000000,closed,2,Permission to unlimited storage
612,2020-07-22 08:26:17.000000000,2020-08-03 08:41:33.000000000,closed,1,Bump localforage from 1.7.3 to 1.8.1
611,2020-07-21 09:34:39.000000000,2020-07-22 08:26:19.000000000,closed,1,Bump localforage from 1.7.3 to 1.8.0
610,2020-07-20 08:37:53.000000000,2020-07-31 14:24:04.000000000,closed,1,Bump mocha from 7.1.2 to 8.0.1
609,2020-07-20 08:37:10.000000000,2020-08-19 22:34:47.000000000,closed,0,Bump vuetify-loader from 1.4.3 to 1.6.0
608,2020-07-20 08:36:36.000000000,2020-08-06 10:46:50.000000000,closed,1,Bump sass-loader from 8.0.2 to 9.0.2
607,2020-07-20 08:35:46.000000000,2020-07-21 09:34:42.000000000,closed,1,Bump localforage from 1.7.3 to 1.7.4
606,2020-07-20 08:35:05.000000000,2020-08-06 10:48:13.000000000,closed,1,Bump vue-router from 3.1.6 to 3.3.4
605,2020-07-20 08:34:21.000000000,2020-07-27 08:28:08.000000000,closed,1,Bump all-contributors-cli from 6.14.2 to 6.16.1
604,2020-07-20 08:33:22.000000000,2020-08-17 08:40:30.000000000,closed,1,Bump p-queue from 5.0.0 to 6.6.0
603,2020-07-17 08:23:15.000000000,2020-07-17 14:31:53.000000000,closed,0,Bump typescript from 3.8.3 to 3.9.7
602,2020-07-16 14:28:34.000000000,2020-07-17 11:08:12.000000000,closed,1,Test/ci
601,2020-07-16 08:25:38.000000000,2020-07-17 14:28:51.000000000,closed,0,[Security] Bump lodash from 4.17.15 to 4.17.19
600,2020-07-15 08:30:37.000000000,2020-07-31 14:30:18.000000000,closed,1,Bump @babel/core from 7.9.0 to 7.10.5
599,2020-07-14 19:13:53.000000000,2020-07-14 19:52:23.000000000,closed,0,Test CI
598,2020-07-10 12:36:24.000000000,2020-08-19 22:33:18.000000000,closed,3,Trying to remove a non-existing item from OrderTracker - moving subfolders around
597,2020-07-08 13:16:57.000000000,2020-07-19 22:06:21.000000000,closed,1,Exclude subfolders from sync
596,2020-07-08 08:32:34.000000000,2020-07-17 15:17:34.000000000,closed,0,Bump vuetify from 2.2.25 to 2.3.4
595,2020-07-07 11:05:19.000000000,2020-07-19 22:50:30.000000000,closed,2,E019: HTTP status 503 error during initial sync
594,2020-07-06 05:42:13.000000000,2020-07-10 22:15:34.000000000,closed,2,Floccus sync should show progress indicator
593,2020-07-06 05:40:19.000000000,1970-01-01 00:00:00.000000001,open,5,"Floccus ""Debug Logs"" button does nothing"
592,2020-07-06 05:38:00.000000000,1970-01-01 00:00:00.000000001,open,5,Floccus loses bookmarks
591,2020-07-02 08:36:02.000000000,2020-07-20 08:33:26.000000000,closed,1,Bump p-queue from 5.0.0 to 6.5.0
590,2020-07-02 08:35:05.000000000,2020-07-17 08:23:19.000000000,closed,1,Bump typescript from 3.8.3 to 3.9.6
589,2020-07-01 08:33:02.000000000,2020-07-17 14:30:48.000000000,closed,0,Bump @babel/preset-env from 7.9.5 to 7.10.4
588,2020-07-01 08:29:46.000000000,2020-07-15 08:30:40.000000000,closed,1,Bump @babel/core from 7.9.0 to 7.10.4
587,2020-07-01 08:28:22.000000000,2020-07-08 08:32:37.000000000,closed,1,Bump vuetify from 2.2.25 to 2.3.3
586,2020-06-30 08:29:19.000000000,2020-07-17 14:30:37.000000000,closed,0,Bump vuex from 3.3.0 to 3.5.1
585,2020-06-28 11:19:49.000000000,2020-06-28 15:29:12.000000000,closed,1,popup interface cropped
584,2020-06-25 07:55:31.000000000,2020-08-01 22:33:01.000000000,closed,2,bookmarks.xbel.lock - Web Dav - can not be deleted
583,2020-06-24 12:35:39.000000000,2020-07-01 08:28:25.000000000,closed,1,Bump vuetify from 2.2.25 to 2.3.2
582,2020-06-24 10:37:00.000000000,2020-08-01 22:31:03.000000000,closed,3,Sync does not work - Foldermapping
581,2020-06-23 16:25:13.000000000,2020-07-23 14:32:50.000000000,closed,15,E022: Folder #7672[door handle spring] supposedly contains non-existent bookmark 62551
580,2020-06-23 16:09:05.000000000,2020-06-23 18:39:34.000000000,closed,4,1und1 WebDav won't work
579,2020-06-23 16:05:48.000000000,2020-07-17 14:30:21.000000000,closed,0,Bump vue-loader from 15.9.1 to 15.9.3
578,2020-06-22 08:32:13.000000000,2020-07-01 08:29:49.000000000,closed,1,Bump @babel/core from 7.9.0 to 7.10.3
577,2020-06-22 08:29:47.000000000,2020-07-01 08:33:07.000000000,closed,1,Bump @babel/preset-env from 7.9.5 to 7.10.3
576,2020-06-18 15:50:47.000000000,2020-06-27 21:05:10.000000000,closed,3,Option to exclude folders from sync
575,2020-06-18 15:47:15.000000000,2020-06-18 16:37:15.000000000,closed,3,Export/Import function
574,2020-06-17 17:34:17.000000000,2020-08-23 17:00:04.000000000,closed,0,Performance: Cache local hashes
573,2020-06-17 08:31:42.000000000,2020-06-24 12:35:42.000000000,closed,1,Bump vuetify from 2.2.25 to 2.3.1
572,2020-06-16 14:11:35.000000000,2020-08-01 22:36:18.000000000,closed,11,hints for MANY bookmarks - what to do?
571,2020-06-15 20:32:52.000000000,2020-06-26 00:19:56.000000000,closed,10,floccus disappears from menu bar
570,2020-06-13 15:28:51.000000000,2020-06-13 16:55:32.000000000,closed,0,Firefox addon no longer saving bookmarks file path in 4.2.4
569,2020-06-12 08:32:08.000000000,2020-06-17 08:31:46.000000000,closed,1,Bump vuetify from 2.2.25 to 2.3.0
568,2020-06-12 02:18:16.000000000,2020-06-16 20:27:49.000000000,closed,4,Can't change password?
567,2020-06-11 19:29:53.000000000,2020-06-16 19:41:38.000000000,closed,2,Sync breaks with HTTP status 500
566,2020-06-11 08:37:01.000000000,2020-06-12 08:32:11.000000000,closed,1,Bump vuetify from 2.2.25 to 2.2.34
565,2020-06-11 03:32:47.000000000,2020-06-12 19:12:23.000000000,closed,8,New account setup renders first account as bob@example.org
564,2020-06-10 04:57:59.000000000,2020-06-11 20:42:17.000000000,closed,0,Add account button is not positioned below accounts
563,2020-06-10 04:42:56.000000000,1970-01-01 00:00:00.000000001,open,0,Add a button to the main page that syncs all accounts at once
562,2020-06-10 04:32:53.000000000,1970-01-01 00:00:00.000000001,open,0,Improve mobile navigation
561,2020-06-10 04:27:11.000000000,2020-06-12 19:36:02.000000000,closed,8,Saving settings is inconsistent
560,2020-06-09 08:25:37.000000000,2020-06-11 08:37:03.000000000,closed,1,Bump vuetify from 2.2.25 to 2.2.33
559,2020-06-08 11:36:24.000000000,2020-06-11 20:45:47.000000000,closed,4,"Error ""Cannot read property 'filter' of undefined"""
558,2020-06-08 02:40:01.000000000,2020-08-01 22:31:24.000000000,closed,1,Bookmark order
557,2020-06-06 16:10:19.000000000,2020-06-07 19:39:19.000000000,closed,9,AccountSettings doesn't save data (in some cases?)
556,2020-06-05 13:07:06.000000000,2020-06-07 15:13:16.000000000,closed,2,[4.2.0.5] FF Developer Edition 78: E027 error
555,2020-06-05 08:25:41.000000000,2020-07-02 08:35:12.000000000,closed,1,Bump typescript from 3.8.3 to 3.9.5
554,2020-06-05 03:07:25.000000000,2020-06-06 13:07:57.000000000,closed,25,"Cannot add account after 4.2.0 upgrade, FF 68esr"
553,2020-06-04 19:37:18.000000000,2020-06-04 20:05:05.000000000,closed,3,Missing tag/release for 4.2.0.
552,2020-06-04 17:12:37.000000000,2020-06-29 18:23:37.000000000,closed,10,Bookmarks removed after sync
551,2020-06-04 16:48:00.000000000,2020-06-11 15:13:39.000000000,closed,4,all accounts automatically enabled when floccus is updated
550,2020-06-04 16:45:50.000000000,2020-06-06 13:07:57.000000000,closed,1,Account is automatically re-enabled after 10 seconds
549,2020-06-04 13:18:17.000000000,2020-06-07 17:12:41.000000000,closed,1,Windowns does not display normally at 120 DPI and cannot see the right button or click the right button.
548,2020-06-04 08:25:57.000000000,2020-06-09 08:25:41.000000000,closed,1,Bump vuetify from 2.2.25 to 2.2.32
547,2020-06-03 16:05:39.000000000,2020-06-04 13:26:06.000000000,closed,8,Cannot read property 'filter' of undefined
546,2020-06-03 08:27:40.000000000,2020-06-04 08:25:59.000000000,closed,1,Bump vuetify from 2.2.25 to 2.2.31
545,2020-06-02 01:36:00.000000000,2020-06-02 23:30:53.000000000,closed,5,Chromium manual installation does not work
544,2020-06-01 09:34:30.000000000,2020-06-02 14:17:43.000000000,closed,3,Floccus 4.1.0 duplicates bookmarks on the server
543,2020-06-01 08:32:15.000000000,2020-06-22 08:30:03.000000000,closed,1,Bump @babel/preset-env from 7.9.5 to 7.10.2
542,2020-06-01 08:29:43.000000000,2020-06-22 08:32:22.000000000,closed,1,Bump @babel/core from 7.9.0 to 7.10.2
541,2020-05-31 13:53:13.000000000,2020-05-31 17:56:18.000000000,closed,14,Fails to sync existing Firefox bookmarks to new nextcloud config
540,2020-05-28 08:30:38.000000000,2020-06-01 08:29:46.000000000,closed,1,Bump @babel/core from 7.9.0 to 7.10.1
539,2020-05-28 08:28:58.000000000,2020-06-01 08:32:23.000000000,closed,1,Bump @babel/preset-env from 7.9.5 to 7.10.1
538,2020-05-27 12:25:47.000000000,2020-05-27 13:24:55.000000000,closed,1,Allow sync to local flat file 
537,2020-05-27 08:27:32.000000000,2020-05-28 08:30:44.000000000,closed,1,Bump @babel/core from 7.9.0 to 7.10.0
536,2020-05-27 08:25:09.000000000,2020-05-28 08:29:02.000000000,closed,1,Bump @babel/preset-env from 7.9.5 to 7.10.0
535,2020-05-27 08:21:33.000000000,2020-06-03 08:27:42.000000000,closed,1,Bump vuetify from 2.2.25 to 2.2.30
534,2020-05-20 08:22:59.000000000,2020-06-05 08:25:44.000000000,closed,1,Bump typescript from 3.8.3 to 3.9.3
533,2020-05-20 08:21:22.000000000,2020-05-27 08:21:37.000000000,closed,1,Bump vuetify from 2.2.25 to 2.2.29
532,2020-05-19 02:23:45.000000000,2020-05-23 22:56:36.000000000,closed,0,Test duplicate problem
531,2020-05-15 21:22:30.000000000,2020-06-06 13:20:50.000000000,closed,2,Help needed: v4.2.0 beta
530,2020-05-13 12:16:30.000000000,2020-06-03 17:55:27.000000000,closed,2,Error: Invalid bookmark
529,2020-05-13 08:22:46.000000000,2020-05-20 08:21:25.000000000,closed,1,Bump vuetify from 2.2.25 to 2.2.28
528,2020-05-13 08:21:53.000000000,2020-07-17 14:30:05.000000000,closed,0,Bump async-lock from 1.2.2 to 1.2.4
527,2020-05-13 08:21:13.000000000,2020-05-20 08:23:01.000000000,closed,1,Bump typescript from 3.8.3 to 3.9.2
526,2020-05-12 08:22:41.000000000,2020-06-30 08:29:22.000000000,closed,1,Bump vuex from 3.3.0 to 3.4.0
525,2020-05-12 08:21:34.000000000,2020-05-13 08:21:55.000000000,closed,1,Bump async-lock from 1.2.2 to 1.2.3
524,2020-05-12 02:39:23.000000000,2020-05-13 16:24:37.000000000,closed,4,"""Other favorites"" are empty"
523,2020-05-09 17:49:49.000000000,2020-05-13 21:55:00.000000000,closed,3,make available for pale moon browser
522,2020-05-06 19:15:40.000000000,2020-05-06 22:54:33.000000000,closed,6,E022-error after deleting bookmark in Nextcloud -> no sync
521,2020-05-06 08:25:32.000000000,2020-05-13 08:22:49.000000000,closed,1,Bump vuetify from 2.2.25 to 2.2.27
520,2020-05-05 14:24:12.000000000,2020-05-07 13:40:46.000000000,closed,4,E018 after Bookmarks v3 update
519,2020-05-04 08:27:43.000000000,1970-01-01 00:00:00.000000001,open,0,Bump eslint-config-standard from 12.0.0 to 14.1.1
518,2020-05-04 08:27:02.000000000,1970-01-01 00:00:00.000000001,open,0,Bump eslint-loader from 3.0.4 to 4.0.2
517,2020-05-04 08:26:25.000000000,2020-05-06 08:25:40.000000000,closed,1,Bump vuetify from 2.2.25 to 2.2.26
516,2020-05-04 08:25:35.000000000,2020-07-02 08:36:06.000000000,closed,1,Bump p-queue from 5.0.0 to 6.4.0
515,2020-05-04 08:24:55.000000000,2020-06-23 16:05:50.000000000,closed,1,Bump vue-loader from 15.9.1 to 15.9.2
514,2020-05-03 21:18:16.000000000,2020-05-03 21:20:43.000000000,closed,1,Sync of tags
513,2020-05-03 10:30:31.000000000,2020-05-08 22:39:56.000000000,closed,3,"If feasible, this is a feature request: Trigger Import of HTML bookmarks file from Floccus."
512,2020-05-02 08:53:43.000000000,2020-08-01 22:35:01.000000000,closed,1,Unknown error on a native Chromium-based browser
511,2020-05-02 00:50:39.000000000,2020-05-05 21:38:50.000000000,closed,15,E022: Folder #-1[undefined] supposedly contains non-existent bookmark 205
510,2020-05-01 06:19:56.000000000,2020-05-08 03:04:14.000000000,closed,1,Please enable proper hiding of the icon in the extension toolbar
509,2020-05-01 00:15:35.000000000,2020-05-01 17:50:35.000000000,closed,1,Add Floccus to Nextcloud app store
508,2020-04-30 22:37:31.000000000,2020-04-30 23:16:17.000000000,closed,3,"Exception: Argument passed must be of the type string, null given"
507,2020-04-30 08:28:17.000000000,2020-05-27 08:27:34.000000000,closed,1,Bump @babel/core from 7.9.0 to 7.9.6
506,2020-04-30 08:27:39.000000000,2020-05-27 08:25:13.000000000,closed,1,Bump @babel/preset-env from 7.9.5 to 7.9.6
505,2020-04-30 01:24:17.000000000,2020-05-23 22:56:12.000000000,closed,10,Similar Bookmarks in one and the same Folder gets lost and stucks the sync
504,2020-04-29 23:40:12.000000000,2020-05-01 21:24:26.000000000,closed,0,UI rewrite
503,2020-04-27 08:23:54.000000000,2020-04-27 16:09:52.000000000,closed,0,Bump mocha from 7.1.1 to 7.1.2
502,2020-04-22 21:25:49.000000000,2020-04-22 21:26:17.000000000,closed,0,docs: add gerroon as a contributor
501,2020-04-22 21:23:40.000000000,2020-04-22 21:24:55.000000000,closed,0,docs: add tkurbad as a contributor
500,2020-04-22 08:29:08.000000000,2020-04-23 16:39:28.000000000,closed,0,Bump prettier from 1.19.1 to 2.0.5
499,2020-04-22 08:28:21.000000000,2020-04-22 21:02:26.000000000,closed,0,Bump webpack from 4.42.0 to 4.43.0
498,2020-04-21 18:23:46.000000000,2020-04-22 18:54:35.000000000,closed,0,Sync delay on startup
497,2020-04-20 08:20:57.000000000,2020-04-23 01:01:00.000000000,closed,0,Bump all-contributors-cli from 5.11.0 to 6.14.2
496,2020-04-16 15:59:28.000000000,2020-04-17 22:51:54.000000000,closed,1,Github actions CI
495,2020-04-15 15:24:51.000000000,2020-04-15 17:15:07.000000000,closed,2,"Brave Chromium: initial sync is ""successful"" but nothing is written"
494,2020-04-13 17:14:47.000000000,1970-01-01 00:00:00.000000001,open,2,Cookie hack
493,2020-04-13 13:58:48.000000000,2020-04-18 01:39:12.000000000,closed,6,Bookmark Duplication
492,2020-04-10 05:27:15.000000000,2020-04-10 17:50:32.000000000,closed,0,Help，There is a synchronization problem with the new 4.04 version！
491,2020-04-09 14:41:26.000000000,2020-04-10 17:32:12.000000000,closed,5,sync fails: TypeError: this.fromFolder is undefined
490,2020-04-09 08:41:02.000000000,2020-04-12 21:33:03.000000000,closed,7,Export and auto import from a local file (sync via NC client)
489,2020-04-08 08:22:53.000000000,2020-04-22 20:57:29.000000000,closed,0,Bump @babel/preset-env from 7.9.0 to 7.9.5
488,2020-04-07 08:25:09.000000000,2020-04-22 08:29:11.000000000,closed,1,Bump prettier from 1.19.1 to 2.0.4
487,2020-04-06 20:14:53.000000000,2020-04-23 18:20:12.000000000,closed,2,Syncing failed with r is undefined
486,2020-04-06 08:30:05.000000000,2020-04-07 08:25:11.000000000,closed,1,Bump prettier from 1.19.1 to 2.0.3
485,2020-04-03 12:15:58.000000000,2020-04-12 03:05:45.000000000,closed,1,Setup and usage of Desktop companion App LoFloccus for files in LAN-only
484,2020-04-03 08:21:46.000000000,2020-04-20 08:21:00.000000000,closed,1,Bump all-contributors-cli from 5.11.0 to 6.14.1
483,2020-04-01 01:32:37.000000000,2020-04-05 23:34:33.000000000,closed,2,Netcloud bookmarks
482,2020-03-31 16:02:47.000000000,1970-01-01 00:00:00.000000001,open,21,Problems with never ending sync process
481,2020-03-30 13:11:40.000000000,2020-03-30 16:35:59.000000000,closed,2,New browser permission?
480,2020-03-26 00:21:12.000000000,2020-04-04 22:56:30.000000000,closed,2,Replace localforage with browser extension storage. Fixes #459
479,2020-03-25 17:47:22.000000000,2020-04-12 01:03:15.000000000,closed,1,Performance: Root hashes always differ
478,2020-03-25 08:22:21.000000000,2020-04-22 08:28:23.000000000,closed,1,Bump webpack from 4.42.0 to 4.42.1
477,2020-03-25 08:21:42.000000000,2020-04-22 22:47:59.000000000,closed,1,Bump @babel/preset-react from 7.9.1 to 7.9.4
476,2020-03-24 18:32:36.000000000,1970-01-01 00:00:00.000000001,open,25,High Load in Nextcloud at sync
475,2020-03-24 08:22:38.000000000,2020-04-06 08:30:08.000000000,closed,1,Bump prettier from 1.19.1 to 2.0.2
474,2020-03-23 08:36:15.000000000,2020-03-23 14:59:46.000000000,closed,1,Bump @babel/core from 7.8.3 to 7.9.0
473,2020-03-23 08:34:33.000000000,2020-03-23 15:00:06.000000000,closed,1,Bump @babel/preset-env from 7.8.3 to 7.9.0
472,2020-03-20 17:20:40.000000000,2020-03-24 19:50:59.000000000,closed,4,"Hi, is it possible to add Microsoft Edge support ?"
471,2020-03-19 08:23:00.000000000,2020-04-22 22:44:26.000000000,closed,1,Bump mocha from 6.2.2 to 7.1.1
470,2020-03-15 21:56:47.000000000,2020-04-12 18:50:03.000000000,closed,2,Nextcloud sync causes bookmarks to disappear and reapper in random order when merging
469,2020-03-15 03:16:47.000000000,2020-03-15 03:45:30.000000000,closed,1,Nextcloud folder sync shoves bookmarks into cache folder instead of user folder
468,2020-03-14 01:29:23.000000000,2020-03-23 15:00:05.000000000,closed,1,[Security] Bump acorn from 6.4.0 to 6.4.1
467,2020-03-09 15:30:42.000000000,2020-03-09 19:01:19.000000000,closed,2,Old version in chrome
466,2020-03-08 07:12:17.000000000,2020-03-09 10:35:43.000000000,closed,1,Missing favourites when sync in Microsoft-Chromium-Edge from Firefox~
465,2020-03-07 08:20:19.000000000,2020-03-08 05:16:55.000000000,closed,1,Is anyone can tell me how to sync through onedrive?
464,2020-03-05 09:20:42.000000000,2020-03-23 08:36:23.000000000,closed,1,Bump @babel/core from 7.8.3 to 7.8.7
463,2020-03-05 09:19:29.000000000,2020-03-23 08:34:38.000000000,closed,1,Bump @babel/preset-env from 7.8.3 to 7.8.7
462,2020-03-04 18:21:42.000000000,2020-03-04 19:02:59.000000000,closed,1,Missing SeparationLines (Trennlinie) in Firefox
461,2020-03-03 21:11:32.000000000,2020-03-04 04:27:21.000000000,closed,1,v4.0.2 legacy account type is deprecated... please switch to the new nextcloud sync method
460,2020-03-03 09:23:19.000000000,2020-03-23 15:00:03.000000000,closed,1,Bump webpack from 4.41.5 to 4.42.0
459,2020-03-03 02:39:16.000000000,2020-04-04 22:56:31.000000000,closed,10,Account disappeared and can not be created again in Firefox running in private mode
458,2020-03-02 20:29:54.000000000,2020-03-02 23:37:59.000000000,closed,1,Version 4 error: can't convert undefined to object
457,2020-02-28 09:24:49.000000000,2020-03-05 09:20:45.000000000,closed,1,Bump @babel/core from 7.8.3 to 7.8.6
456,2020-02-28 09:24:23.000000000,2020-03-05 09:19:32.000000000,closed,1,Bump @babel/preset-env from 7.8.3 to 7.8.6
455,2020-02-27 09:23:10.000000000,2020-03-19 08:23:04.000000000,closed,1,Bump mocha from 6.2.2 to 7.1.0
454,2020-02-25 15:03:35.000000000,2020-03-02 18:30:41.000000000,closed,6,Issue with newParentFolder
453,2020-02-25 05:35:05.000000000,2020-03-02 18:31:29.000000000,closed,3,Bookmark Manager rearranging bookmarks causes problems syncing
452,2020-02-24 09:24:12.000000000,2020-04-03 08:21:54.000000000,closed,1,Bump all-contributors-cli from 5.11.0 to 6.14.0
451,2020-02-18 09:22:20.000000000,2020-05-04 08:25:38.000000000,closed,2,Bump p-queue from 5.0.0 to 6.3.0
450,2020-02-13 13:11:17.000000000,2020-02-13 19:46:34.000000000,closed,3,webdav sync issues
449,2020-02-13 09:19:22.000000000,2020-03-23 14:59:38.000000000,closed,1,Bump js-base64 from 2.5.1 to 2.5.2
448,2020-02-12 20:14:50.000000000,2020-04-19 17:46:08.000000000,closed,3,High energy impact in Firefox
447,2020-02-12 09:27:09.000000000,2020-03-03 09:23:22.000000000,closed,1,Bump webpack from 4.41.5 to 4.41.6
446,2020-02-03 21:14:05.000000000,2020-05-01 06:20:26.000000000,closed,2,Versioning
445,2020-02-03 09:30:33.000000000,2020-04-22 22:42:53.000000000,closed,2,Bump normalize-url from 4.5.0 to 5.0.0
444,2020-02-03 01:15:42.000000000,2020-02-11 18:54:52.000000000,closed,3,[Bug] [v4] We're not allowed to change any direct children of the absolute root folder. Skipping.
443,2020-02-03 01:10:41.000000000,2020-04-14 14:01:45.000000000,closed,12,[Bug] [v3] JSON.parse: unexpected character at line 1 column 1 of the JSON data
442,2020-02-01 12:36:08.000000000,2020-02-21 02:07:46.000000000,closed,3,[Feature request] Backup settings
441,2020-01-31 09:28:56.000000000,2020-02-28 09:24:26.000000000,closed,1,Bump @babel/preset-env from 7.8.3 to 7.8.4
440,2020-01-31 09:28:16.000000000,2020-02-28 09:24:53.000000000,closed,1,Bump @babel/core from 7.8.3 to 7.8.4
439,2020-01-30 22:07:54.000000000,2020-03-02 18:24:04.000000000,closed,34,Help testing: v4.0.0-alpha.3
438,2020-01-28 09:25:33.000000000,2020-04-23 16:40:14.000000000,closed,2,Bump hyperapp from 1.2.10 to 2.0.4
437,2020-01-26 18:59:15.000000000,2020-02-27 09:23:14.000000000,closed,1,Bump mocha from 6.2.2 to 7.0.1
436,2020-01-24 00:44:57.000000000,2020-03-02 18:29:47.000000000,closed,12,WebDAV: Folder to move into doesn't exist E009
435,2020-01-20 09:34:14.000000000,2020-02-24 09:24:15.000000000,closed,1,Bump all-contributors-cli from 5.11.0 to 6.13.0
434,2020-01-14 16:49:39.000000000,2020-01-14 17:43:25.000000000,closed,4,Syncing failed with E019: HTTP Status 500. Log says Integrity constraint violation: 1048 Column 'user_id' cannot be null
433,2020-01-14 09:36:24.000000000,2020-01-26 18:58:25.000000000,closed,1,Bump crx3 from 1.1.1 to 1.1.2
432,2020-01-14 09:35:49.000000000,2020-01-26 18:58:25.000000000,closed,1,Bump @babel/preset-env from 7.7.1 to 7.8.3
431,2020-01-14 09:35:14.000000000,2020-01-26 18:58:24.000000000,closed,1,Bump @babel/preset-react from 7.0.0 to 7.8.3
430,2020-01-14 09:34:38.000000000,2020-01-26 18:58:25.000000000,closed,1,Bump @babel/core from 7.7.2 to 7.8.3
429,2020-01-12 11:53:34.000000000,1970-01-01 00:00:00.000000001,open,9,graceful handling of 500 response
428,2020-01-08 23:17:05.000000000,2020-01-10 03:06:37.000000000,closed,12,E018: Impossible de s'authentifier sur le serveur
427,2020-01-06 09:35:59.000000000,2020-01-20 09:34:16.000000000,closed,1,Bump all-contributors-cli from 5.11.0 to 6.12.0
426,2020-01-06 09:35:25.000000000,2020-01-26 18:59:19.000000000,closed,1,Bump mocha from 6.2.2 to 7.0.0
425,2019-12-29 21:09:24.000000000,2020-03-02 18:29:18.000000000,closed,7,Purged bookmarks in FF
424,2019-12-27 02:58:08.000000000,2019-12-27 03:14:02.000000000,closed,2,E017: Network error: Check your network connection and your account details...
423,2019-12-24 12:45:56.000000000,2020-03-02 18:27:46.000000000,closed,2,Erorr012 after folder moving
422,2019-12-21 15:01:11.000000000,2020-08-24 16:25:02.000000000,closed,2,import / Export Account configuration function
421,2019-12-19 09:22:06.000000000,2020-01-14 09:35:52.000000000,closed,1,Bump @babel/preset-env from 7.7.1 to 7.7.7
420,2019-12-19 09:21:24.000000000,2020-01-14 09:34:42.000000000,closed,1,Bump @babel/core from 7.7.2 to 7.7.7
419,2019-12-11 07:50:44.000000000,2019-12-12 22:54:34.000000000,closed,6,I cant save any settings in FF 71
418,2019-12-09 09:27:56.000000000,2019-12-19 09:21:27.000000000,closed,1,Bump @babel/core from 7.7.2 to 7.7.5
417,2019-12-09 09:27:22.000000000,2019-12-19 09:22:10.000000000,closed,1,Bump @babel/preset-env from 7.7.1 to 7.7.6
416,2019-12-09 09:26:49.000000000,2020-01-06 09:36:01.000000000,closed,1,Bump all-contributors-cli from 5.11.0 to 6.11.2
415,2019-12-03 22:17:00.000000000,2019-12-03 23:25:31.000000000,closed,1,Can't work on Kiwi browser
414,2019-12-01 09:06:27.000000000,2020-02-21 02:05:12.000000000,closed,4,Syncing failed with parentGuid must be valid
413,2019-11-30 00:30:51.000000000,2019-12-01 00:42:20.000000000,closed,2,Update README.md
412,2019-11-29 09:34:05.000000000,2019-12-09 09:26:51.000000000,closed,1,Bump all-contributors-cli from 5.11.0 to 6.11.1
411,2019-11-27 04:00:06.000000000,2019-11-29 16:59:40.000000000,closed,3,"E023: sync does not succeed because of lock file, even though no lock file exists"
410,2019-11-25 09:22:56.000000000,2019-12-09 09:27:59.000000000,closed,1,Bump @babel/core from 7.7.2 to 7.7.4
409,2019-11-25 09:22:26.000000000,2020-01-14 09:35:16.000000000,closed,1,Bump @babel/preset-react from 7.0.0 to 7.7.4
408,2019-11-25 09:21:40.000000000,2019-12-09 09:27:25.000000000,closed,1,Bump @babel/preset-env from 7.7.1 to 7.7.4
407,2019-11-22 16:14:37.000000000,2019-12-11 00:28:06.000000000,closed,6,sync fails if title is longer than 140 characters
406,2019-11-18 00:42:03.000000000,2020-03-02 18:33:28.000000000,closed,10,Floccus Replication Process Reverses Housekeeping Changes
405,2019-11-14 09:25:28.000000000,2019-11-25 09:22:32.000000000,closed,1,Bump @babel/preset-react from 7.0.0 to 7.7.0
404,2019-11-14 09:24:43.000000000,2019-12-10 23:28:59.000000000,closed,1,Bump gulp-run-command from 0.0.9 to 0.0.10
403,2019-11-14 01:48:28.000000000,2019-11-29 09:34:08.000000000,closed,1,Bump all-contributors-cli from 5.11.0 to 6.11.0
402,2019-11-13 10:03:45.000000000,2019-11-14 01:50:04.000000000,closed,1,"arse Error: <html xmlns=""http://www.w3.org/1999/xhtml""><body><parsererror style=""display: block; white-space: pre; border: 2px solid #c77; padding: 0 1em 0 1em; margin: 1em; background-color: #fdd; color: black""><h3>This page contains the following errors:</h3><div style=""font-family:monospace;font-size:12px"">error on line 1 at column 1: Extra content at the end of the document </div><h3>Below is a rendering of the page up to the first error.</h3></parsererror></body></html>"
401,2019-11-12 17:18:25.000000000,2019-12-18 21:43:49.000000000,closed,45,E022: Ordner #xxx[yyy] enthält angeblich ein nicht existierendes Lesezeichen
400,2019-11-11 09:31:34.000000000,2020-02-18 09:22:24.000000000,closed,1,Bump p-queue from 5.0.0 to 6.2.1
399,2019-11-07 09:29:26.000000000,2019-11-14 01:48:30.000000000,closed,1,Bump all-contributors-cli from 5.11.0 to 6.10.0
398,2019-11-07 09:28:59.000000000,2019-11-14 01:46:28.000000000,closed,0,Bump @babel/core from 7.5.5 to 7.7.2
397,2019-11-06 09:23:10.000000000,2019-11-14 15:30:16.000000000,closed,0,Bump @babel/preset-env from 7.5.5 to 7.7.1
396,2019-11-06 09:22:37.000000000,2019-11-07 09:29:02.000000000,closed,1,Bump @babel/core from 7.5.5 to 7.7.0
395,2019-10-29 18:28:15.000000000,2020-03-08 05:18:41.000000000,closed,5,Does not work in Kiwi
394,2019-10-21 08:42:36.000000000,2019-11-14 01:46:54.000000000,closed,0,Bump mocha from 6.2.0 to 6.2.2
393,2019-10-21 08:41:24.000000000,2019-11-07 09:29:28.000000000,closed,1,Bump all-contributors-cli from 5.11.0 to 6.9.3
392,2019-10-17 05:24:49.000000000,2019-10-17 07:01:05.000000000,closed,1,"Cannot Add Account (force-autofill ""https://example.org"" and ""bob"")"
391,2019-10-15 19:21:50.000000000,2019-10-16 01:42:46.000000000,closed,2,Lost account?
390,2019-10-14 08:30:25.000000000,2019-11-11 09:31:37.000000000,closed,1,Bump p-queue from 5.0.0 to 6.2.0
389,2019-10-14 08:28:36.000000000,2020-01-28 09:25:35.000000000,closed,1,Bump hyperapp from 1.2.10 to 2.0.3
388,2019-10-14 01:42:55.000000000,2019-10-14 15:18:26.000000000,closed,1,Firefox Android 
387,2019-10-11 08:28:16.000000000,2019-11-06 09:22:40.000000000,closed,1,Bump @babel/core from 7.5.5 to 7.6.4
386,2019-10-11 08:26:56.000000000,2019-10-14 08:28:40.000000000,closed,1,Bump hyperapp from 1.2.10 to 2.0.2
385,2019-10-09 08:25:30.000000000,2019-10-11 08:28:18.000000000,closed,1,Bump @babel/core from 7.5.5 to 7.6.3
384,2019-10-09 08:24:45.000000000,2019-11-06 09:23:13.000000000,closed,1,Bump @babel/preset-env from 7.5.5 to 7.6.3
383,2019-10-01 19:52:40.000000000,2020-03-02 18:32:12.000000000,closed,26,bookmark sync never ends and canť be interrupted
382,2019-10-01 15:39:40.000000000,2020-02-21 02:05:59.000000000,closed,4,Floccus duplicates bookmarks on the server
381,2019-09-30 08:27:27.000000000,2019-10-21 08:42:38.000000000,closed,1,Bump mocha from 6.2.0 to 6.2.1
380,2019-09-30 08:26:45.000000000,2020-01-26 18:58:18.000000000,closed,1,Bump normalize-url from 4.3.0 to 4.5.0
379,2019-09-27 08:26:16.000000000,2019-11-14 15:30:03.000000000,closed,1,Bump humanize-duration from 3.20.1 to 3.21.0
378,2019-09-24 08:25:42.000000000,2019-10-09 08:25:32.000000000,closed,1,Bump @babel/core from 7.5.5 to 7.6.2
377,2019-09-24 08:25:03.000000000,2019-10-09 08:24:47.000000000,closed,1,Bump @babel/preset-env from 7.5.5 to 7.6.2
376,2019-09-23 08:23:59.000000000,2019-09-30 08:26:48.000000000,closed,1,Bump normalize-url from 4.3.0 to 4.4.1
375,2019-09-19 05:39:01.000000000,2019-12-05 01:59:18.000000000,closed,4,Cancel button saves
374,2019-09-18 17:38:36.000000000,2020-03-02 18:33:06.000000000,closed,8,"The ""Index out of bounds"" during synchronization. "
373,2019-09-17 08:21:48.000000000,2019-10-21 08:41:25.000000000,closed,1,Bump all-contributors-cli from 5.11.0 to 6.9.1
372,2019-09-15 12:19:51.000000000,2019-09-15 15:52:09.000000000,closed,2,3.4.1 update removed accounts/doesn't work
371,2019-09-15 12:02:47.000000000,2019-09-15 15:48:50.000000000,closed,8,floccus v3.4.1 with Android Kiwi Browser: Unable to enter account data
370,2019-09-15 06:21:03.000000000,2019-09-15 15:53:04.000000000,closed,1,3.4.1 Where is the UI
369,2019-09-11 20:52:33.000000000,2019-09-13 12:23:16.000000000,closed,3,sync error E019 an E017 http status 500
368,2019-09-09 08:26:44.000000000,2019-09-24 08:25:45.000000000,closed,1,Bump @babel/core from 7.5.5 to 7.6.0
367,2019-09-09 08:26:13.000000000,2019-09-24 08:25:07.000000000,closed,1,Bump @babel/preset-env from 7.5.5 to 7.6.0
366,2019-09-09 08:25:40.000000000,2019-12-07 01:59:33.000000000,closed,0,Bump selenium-webdriver from 4.0.0-alpha.4 to 4.0.0-alpha.5
365,2019-09-09 07:09:58.000000000,2020-08-24 16:45:29.000000000,closed,4,Shaarli support
364,2019-09-08 08:06:17.000000000,2019-09-08 14:05:46.000000000,closed,3,"Apparently, local IP adresses in bookmarks cause sync error (on server side?)"
363,2019-09-05 08:23:07.000000000,2019-09-17 08:21:51.000000000,closed,1,Bump all-contributors-cli from 5.11.0 to 6.9.0
362,2019-09-03 08:21:11.000000000,2019-09-05 08:23:12.000000000,closed,1,Bump all-contributors-cli from 5.11.0 to 6.8.2
361,2019-09-03 08:20:21.000000000,2019-09-15 16:58:25.000000000,closed,1,Bump gulp-zip from 4.2.0 to 5.0.0
360,2019-08-31 13:46:09.000000000,2019-09-03 04:05:31.000000000,closed,12,Flocus just hangs when trying to sync
359,2019-08-30 15:38:06.000000000,2019-08-30 22:03:43.000000000,closed,4,no sync possible with errorcode
358,2019-08-29 14:53:26.000000000,2019-08-29 19:28:36.000000000,closed,5,Cannot read property 'forEach' error with Chrome extension
357,2019-08-27 15:44:28.000000000,2019-08-28 14:23:25.000000000,closed,8,OneDrive setup
356,2019-08-23 21:28:55.000000000,2019-08-24 02:48:28.000000000,closed,4,Feature request: Retain bookmark order when syncing
355,2019-08-23 21:19:18.000000000,2019-09-02 15:19:44.000000000,closed,11,Error syncing
354,2019-08-20 08:23:35.000000000,2019-09-02 04:51:57.000000000,closed,1,Bump gulp-tap from 1.0.1 to 2.0.0
353,2019-08-19 04:13:11.000000000,2019-08-19 18:19:15.000000000,closed,0,Automated testing in firefox
352,2019-08-18 06:31:28.000000000,2019-08-18 20:41:36.000000000,closed,1,can not change select option  with synchronization policy
351,2019-08-16 22:44:08.000000000,2019-08-26 05:07:58.000000000,closed,1,Tags are not sync to Firefox from Nextcloud. Is that possible?
350,2019-08-13 12:28:35.000000000,2019-08-18 20:43:41.000000000,closed,14,E016: Zeitüberschreitung einer Anfrage. Überprüfen Sie die Server-Konfiguration
349,2019-08-13 08:23:26.000000000,2019-10-14 08:30:28.000000000,closed,1,Bump p-queue from 5.0.0 to 6.1.1
348,2019-08-12 08:30:50.000000000,2019-09-02 02:53:36.000000000,closed,1,Bump browserify from 16.3.0 to 16.5.0
347,2019-08-08 15:58:24.000000000,2019-09-02 13:27:21.000000000,closed,19,XBEL not picking up new folders
346,2019-08-08 09:11:04.000000000,2019-08-10 07:15:47.000000000,closed,3,Syncing localhost bookmark with Nextcloud fails. 
345,2019-08-08 08:26:14.000000000,2019-08-12 08:30:56.000000000,closed,1,Bump browserify from 16.3.0 to 16.4.0
344,2019-08-06 12:46:54.000000000,2019-08-11 00:47:05.000000000,closed,2,Sync (Import) in Firefox aborts when Separator is encountered
343,2019-08-05 20:35:20.000000000,2019-08-05 20:55:54.000000000,closed,1,Readme.md has misleading remote.php/webdav URL resulting in E019: HTTP status 404. Failed GET request
342,2019-08-05 08:28:03.000000000,2019-10-11 08:26:59.000000000,closed,1,Bump hyperapp from 1.2.10 to 2.0.1
341,2019-08-03 12:17:46.000000000,2019-08-03 17:12:18.000000000,closed,5,E019
340,2019-08-02 18:43:57.000000000,2019-09-03 17:19:45.000000000,closed,3,Sync All Accounts button
339,2019-08-01 10:31:08.000000000,2019-08-10 23:55:50.000000000,closed,3,Problems found using v3.4.0-beta.2
338,2019-07-31 01:18:36.000000000,2019-08-26 04:37:56.000000000,closed,1,v3.4.0 Beta testing
337,2019-07-29 08:29:57.000000000,2019-08-26 04:34:18.000000000,closed,1,Bump humanize-duration from 3.20.0 to 3.20.1
336,2019-07-29 08:29:25.000000000,2019-08-05 08:28:06.000000000,closed,1,Bump hyperapp from 1.2.10 to 2.0.0
335,2019-07-23 15:42:43.000000000,2019-07-23 17:12:06.000000000,closed,3,Can't access bookmarks when password is set without password
334,2019-07-22 15:04:16.000000000,2019-08-20 15:04:01.000000000,closed,16,memory leak on firefox while using webdav
333,2019-07-22 08:58:42.000000000,2019-07-23 14:50:44.000000000,closed,0,Bump humanize-duration from 3.18.0 to 3.20.0
332,2019-07-22 08:58:02.000000000,2019-08-26 04:34:21.000000000,closed,1,Bump mocha from 6.1.4 to 6.2.0
331,2019-07-22 08:55:49.000000000,2019-07-23 10:45:42.000000000,closed,0,Bump async-lock from 1.2.0 to 1.2.2
330,2019-07-20 21:37:32.000000000,2019-09-03 08:21:15.000000000,closed,1,Bump all-contributors-cli from 5.11.0 to 6.8.1
329,2019-07-19 19:30:54.000000000,2019-07-20 16:53:45.000000000,closed,5,Hope to support Chinese
328,2019-07-19 15:00:05.000000000,2019-07-21 17:46:01.000000000,closed,4,"URL syncing issues (encoding, GET parameters)"
327,2019-07-18 20:01:33.000000000,2019-07-20 21:37:09.000000000,closed,0,Bump @babel/preset-env from 7.4.5 to 7.5.5
326,2019-07-18 20:01:03.000000000,2019-07-21 05:59:00.000000000,closed,0,Bump @babel/core from 7.4.5 to 7.5.5
325,2019-07-17 08:28:57.000000000,2019-07-20 21:37:34.000000000,closed,1,Bump all-contributors-cli from 5.11.0 to 6.8.0
324,2019-07-12 08:32:08.000000000,2019-08-13 08:23:29.000000000,closed,1,Bump p-queue from 5.0.0 to 6.1.0
323,2019-07-10 08:27:04.000000000,2019-07-18 20:01:07.000000000,closed,1,Bump @babel/core from 7.4.5 to 7.5.4
322,2019-07-10 08:25:09.000000000,2019-07-18 20:01:37.000000000,closed,1,Bump @babel/preset-env from 7.4.5 to 7.5.4
321,2019-07-09 08:29:58.000000000,2019-07-10 08:25:13.000000000,closed,1,Bump @babel/preset-env from 7.4.5 to 7.5.2
320,2019-07-08 08:23:20.000000000,2019-07-20 21:35:30.000000000,closed,0,Bump browserify from 16.2.3 to 16.3.0
319,2019-07-05 08:24:38.000000000,2019-07-10 08:27:08.000000000,closed,1,Bump @babel/core from 7.4.5 to 7.5.0
318,2019-07-05 08:23:53.000000000,2019-07-09 08:30:01.000000000,closed,1,Bump @babel/preset-env from 7.4.5 to 7.5.0
317,2019-06-25 08:27:22.000000000,2019-07-20 21:35:02.000000000,closed,0,Bump selenium-webdriver from 4.0.0-alpha.3 to 4.0.0-alpha.4
316,2019-06-17 09:08:58.000000000,2019-06-17 23:01:47.000000000,closed,0,Bump selenium-webdriver from 4.0.0-alpha.1 to 4.0.0-alpha.3
315,2019-06-14 18:37:17.000000000,2019-06-20 14:18:42.000000000,closed,10,Floccus does not remember saved options for the account.
314,2019-06-14 08:47:54.000000000,2019-06-14 15:26:55.000000000,closed,8,High cpu?
313,2019-06-13 12:44:26.000000000,2019-06-13 17:58:54.000000000,closed,1,Cannot install from CRX
312,2019-06-12 09:08:19.000000000,2019-07-17 08:29:01.000000000,closed,1,Bump all-contributors-cli from 5.11.0 to 6.7.0
311,2019-06-11 13:59:03.000000000,2019-07-27 15:12:41.000000000,closed,16,"Syncing fails if links contains ""%"""
310,2019-06-10 09:01:12.000000000,2019-07-12 08:32:15.000000000,closed,1,Bump p-queue from 5.0.0 to 6.0.2
309,2019-06-07 16:17:24.000000000,2019-09-02 15:21:30.000000000,closed,2,Missing spacing in beta version
308,2019-06-07 06:09:40.000000000,2019-06-07 06:35:18.000000000,closed,1,"Firefox, error reading manifest file"
307,2019-06-06 09:06:45.000000000,2019-06-10 09:01:16.000000000,closed,1,Bump p-queue from 5.0.0 to 6.0.1
306,2019-06-05 08:59:53.000000000,2019-07-20 21:34:46.000000000,closed,0,Bump hyperapp from 1.2.9 to 1.2.10
305,2019-06-05 08:59:18.000000000,2019-06-06 09:06:47.000000000,closed,1,Bump p-queue from 5.0.0 to 6.0.0
304,2019-05-29 03:17:07.000000000,2019-05-29 03:27:26.000000000,closed,2,FR: Custom sync timing
303,2019-05-27 11:35:07.000000000,2019-06-14 18:15:50.000000000,closed,5,Icon keeps blinking
302,2019-05-27 09:24:06.000000000,2019-06-12 09:08:21.000000000,closed,1,Bump all-contributors-cli from 5.11.0 to 6.6.1
301,2019-05-22 09:00:47.000000000,2019-05-27 09:24:10.000000000,closed,1,Bump all-contributors-cli from 5.11.0 to 6.6.0
300,2019-05-22 09:00:17.000000000,2019-05-28 20:08:52.000000000,closed,1,Bump @babel/preset-env from 7.4.3 to 7.4.5
299,2019-05-22 08:59:39.000000000,2019-05-28 20:08:50.000000000,closed,1,Bump @babel/core from 7.4.3 to 7.4.5
298,2019-05-21 08:58:14.000000000,2019-05-22 09:00:50.000000000,closed,1,Bump all-contributors-cli from 5.11.0 to 6.5.0
297,2019-05-19 01:17:55.000000000,2020-05-25 18:16:32.000000000,closed,7,[Feature Request] Login Flow
296,2019-05-18 08:00:29.000000000,2019-06-13 20:10:47.000000000,closed,1,Folder's name change not syncing
295,2019-05-17 23:31:24.000000000,2019-05-23 16:37:16.000000000,closed,2,Add Bitcoin donation address
294,2019-05-16 09:23:18.000000000,2019-05-21 16:43:22.000000000,closed,4,strange bookmarks duplicates
293,2019-05-15 06:54:34.000000000,2019-05-16 17:03:04.000000000,closed,3,local folder not correctly shown in overview
292,2019-05-14 17:52:56.000000000,2019-05-20 02:07:44.000000000,closed,7,floccus + kiwi + subfolders
291,2019-05-13 08:54:57.000000000,2019-05-28 20:08:49.000000000,closed,1,Bump conservative-normalize-url from 1.0.1 to 1.0.2
290,2019-05-13 04:30:11.000000000,2019-07-05 20:24:12.000000000,closed,1,[Feature Request] Cancel Sync
289,2019-05-11 23:06:15.000000000,1970-01-01 00:00:00.000000001,open,2,Digest Authentication Scheme?
288,2019-05-11 22:20:18.000000000,2019-05-11 23:23:08.000000000,closed,1,Activating Open Collective
287,2019-05-11 14:35:08.000000000,2019-06-14 14:45:49.000000000,closed,7,Am seeing bookmarks duplicated regularly in mass quantities ...
286,2019-05-09 20:02:06.000000000,1970-01-01 00:00:00.000000001,open,4,Tab Push
285,2019-05-08 23:58:57.000000000,2019-09-04 02:02:07.000000000,closed,1,[Android] Kiwi Browser crashing upon trying to configure login information
284,2019-05-08 08:58:54.000000000,2019-05-21 08:58:18.000000000,closed,1,Bump all-contributors-cli from 5.11.0 to 6.4.0
283,2019-05-07 08:54:57.000000000,2019-09-02 02:53:37.000000000,closed,1,Bump gulp from 3.9.1 to 4.0.2
282,2019-05-06 20:30:29.000000000,2019-05-12 00:39:09.000000000,closed,1,Is Floccus compatible with any of the Nextcloud TOTP apps?
281,2019-05-04 09:33:11.000000000,2019-05-13 05:30:05.000000000,closed,4,Firefox v3.3.0 - Trigger Sync from Scratch and Speed up Sync preferences not saving
280,2019-05-02 03:42:56.000000000,2019-05-03 01:01:54.000000000,closed,3,Tags are not synchronized
279,2019-04-29 08:47:19.000000000,2019-09-02 03:52:03.000000000,closed,1,Bump through2 from 2.0.5 to 3.0.1
278,2019-04-29 08:46:53.000000000,2019-05-22 08:59:42.000000000,closed,1,Bump @babel/core from 7.4.3 to 7.4.4
277,2019-04-29 08:46:22.000000000,2019-05-22 09:00:22.000000000,closed,1,Bump @babel/preset-env from 7.4.3 to 7.4.4
276,2019-04-29 08:45:44.000000000,2019-05-08 08:58:56.000000000,closed,1,Bump all-contributors-cli from 5.11.0 to 6.3.1
275,2019-04-26 17:27:11.000000000,2019-04-27 01:59:59.000000000,closed,0,Bump p-queue from 2.4.2 to 5.0.0
274,2019-04-26 17:26:37.000000000,2019-04-27 16:13:13.000000000,closed,0,Bump mocha from 5.2.0 to 6.1.4
273,2019-04-26 17:26:08.000000000,2019-05-07 08:55:00.000000000,closed,1,Bump gulp from 3.9.1 to 4.0.1
272,2019-04-26 17:25:34.000000000,2019-04-27 01:52:55.000000000,closed,0,Bump browserify from 14.5.0 to 16.2.3
271,2019-04-26 17:25:15.000000000,2019-04-26 21:06:28.000000000,closed,0,[Security] Bump extend from 3.0.1 to 3.0.2
270,2019-04-26 17:24:59.000000000,2020-04-23 16:40:34.000000000,closed,2,Bump picostyle from 1.0.2 to 2.2.0
269,2019-04-26 01:07:14.000000000,2019-06-09 19:52:42.000000000,closed,12,v3.3.0 Beta phase 
268,2019-04-18 14:20:48.000000000,2019-04-18 19:10:46.000000000,closed,1,Bug and Suggest？have log，thank you！
267,2019-04-17 15:28:18.000000000,2019-05-18 01:18:42.000000000,closed,2,Folder #xxx[xxx] contains an nonexistent bookmark xxx
266,2019-04-14 16:52:19.000000000,1970-01-01 00:00:00.000000001,open,5,Translation
265,2019-04-13 16:23:02.000000000,2019-04-13 19:57:59.000000000,closed,1,Sync fails when self signed SSL cert not accepted
264,2019-04-10 03:34:46.000000000,2020-04-23 19:31:07.000000000,closed,5,Sync the same folder with multiple accounts
263,2019-04-10 03:32:00.000000000,2019-04-10 04:01:40.000000000,closed,0,SyncProcess: Only sync bookmark if they really differ
262,2019-04-09 13:03:40.000000000,2019-04-29 06:38:28.000000000,closed,2,Question: Is it necessary to create a server request for every link?
261,2019-04-09 11:47:03.000000000,2019-04-14 16:49:35.000000000,closed,10,potential out-of-memory crash
260,2019-04-09 09:42:08.000000000,2019-04-10 03:07:01.000000000,closed,3,Transifex!
259,2019-04-09 09:31:59.000000000,2019-04-10 18:45:50.000000000,closed,4,Sync does not respect the latest changes on another client or Nextcloud Bookmarks app
258,2019-04-05 13:32:18.000000000,2019-04-06 16:13:49.000000000,closed,3,Bookmarks doubling since new Floccus Version 
257,2019-04-05 05:38:56.000000000,2019-04-10 04:00:02.000000000,closed,3,[usability] use different icon when the password has not yet been introduced
256,2019-04-04 23:27:00.000000000,2019-04-05 02:26:41.000000000,closed,2,Unlock fails because input field is immediately unfocused and cleared on keypress
255,2019-04-04 21:32:42.000000000,2019-04-10 03:33:09.000000000,closed,6,Bookmarks Name and Order
254,2019-04-04 14:40:43.000000000,2019-04-04 21:39:36.000000000,closed,1,specify port
253,2019-04-04 09:30:50.000000000,2019-04-17 21:23:50.000000000,closed,2,Firefox 66.0.2 (64-Bit): Network error: Check your network connection and your account details
252,2019-04-03 16:13:23.000000000,2019-04-17 21:22:50.000000000,closed,5,"Item in folder ordering is not an actual child: {""id"":128,""type"":""bookmark""}"
251,2019-04-03 12:34:47.000000000,2019-04-04 15:35:19.000000000,closed,7,"Editing fields causes characters to disappear, not enter, or won't delete"
250,2019-03-28 20:39:34.000000000,2019-03-28 20:56:26.000000000,closed,1,Problem in Firefox when XBEL file contains chrome internal URLs
249,2019-03-27 00:58:05.000000000,2019-04-10 03:34:17.000000000,closed,6,Folders placed before other bookmarks after sync
248,2019-03-26 13:01:37.000000000,2019-03-26 23:11:47.000000000,closed,1,Added font color as black
247,2019-03-26 12:32:27.000000000,2019-03-26 23:11:47.000000000,closed,0,White on white text with custom browser styles
246,2019-03-24 22:36:48.000000000,2019-03-24 23:27:37.000000000,closed,0,Add LoFloccus companion app
245,2019-03-23 20:45:38.000000000,2019-03-24 00:19:53.000000000,closed,3,"Lock Error: Unable to clear lock file, consider deleting Bookmarks.xbel.lock"
244,2019-03-22 07:33:50.000000000,2019-07-31 01:04:02.000000000,closed,7,Feature Request: One way sync
243,2019-03-21 07:31:10.000000000,2019-03-23 02:43:08.000000000,closed,3,Allow choosing sync method per account
242,2019-03-20 23:36:17.000000000,1970-01-01 00:00:00.000000001,open,0,Notification: Open Wiki
241,2019-03-17 19:08:14.000000000,2019-03-18 01:23:38.000000000,closed,1,problem when there are special characters (Umlaute) in the URL
240,2019-03-16 13:18:39.000000000,2019-03-25 00:29:05.000000000,closed,23,Store .XBEL in a Local Folder
239,2019-03-15 05:40:38.000000000,2019-03-23 03:05:44.000000000,closed,9,Folder #xxx[xxx] contains an nonexistent bookmark xxx
238,2019-03-03 16:51:14.000000000,2019-03-09 02:07:36.000000000,closed,47,Error: Request timed out. Check your server configuration
237,2019-02-26 16:34:17.000000000,2019-03-09 17:11:45.000000000,closed,5,json.item is undefined
236,2019-02-25 20:30:08.000000000,2019-03-01 19:53:56.000000000,closed,7,Syncing failed with Network error
235,2019-02-22 18:05:24.000000000,2019-03-19 18:40:25.000000000,closed,2,Chrome shows errors on the extension page
234,2019-02-18 11:03:08.000000000,2019-04-01 02:08:28.000000000,closed,16,Sync errors and network errors
233,2019-02-16 22:41:14.000000000,2019-02-22 11:19:11.000000000,closed,5,Adjust time interval for periodic sync
232,2019-02-14 23:53:56.000000000,2019-02-15 01:01:46.000000000,closed,1,Getting Failed to construct 'URL': Invalid URL
231,2019-02-14 13:49:44.000000000,2019-02-14 21:50:52.000000000,closed,5,Bug: Bookmarks get Duplicated
230,2019-02-14 13:44:42.000000000,2019-02-14 18:13:34.000000000,closed,1,Usability: Why are New Accounts Disabled by Default?
229,2019-02-13 05:02:20.000000000,2019-02-13 17:11:34.000000000,closed,1, Unable to sync on Chrome with extension: EDIT: Possible scam extension?
228,2019-02-06 20:39:38.000000000,2019-02-25 00:46:48.000000000,closed,3,Can't find bookmark for id
227,2019-02-06 19:29:22.000000000,2019-02-12 19:45:36.000000000,closed,6,Question: switch from old (tag-based) Nextcloud adapter to new (folder-based) adapter
226,2019-02-01 10:01:12.000000000,2019-04-14 16:50:25.000000000,closed,6,internationalization/translation
225,2019-01-31 20:50:34.000000000,2019-01-31 21:04:03.000000000,closed,0,Floccus makes my firefox randomly close
224,2019-01-30 08:09:11.000000000,1970-01-01 00:00:00.000000001,open,14,encrypt data file when using webdav
223,2019-01-18 02:35:06.000000000,2019-01-20 20:53:02.000000000,closed,2,It's not possible to move Places root folders.
222,2019-01-15 15:44:38.000000000,2019-02-07 18:46:45.000000000,closed,3,Special character is synced wrong
221,2019-01-02 11:46:44.000000000,2019-01-02 22:07:34.000000000,closed,7,Chromium Vivaldi - Syncing without Hierarchy
220,2019-01-01 19:06:57.000000000,2019-01-02 14:36:44.000000000,closed,8,Sync error with WebDAV nextcloud
219,2018-12-30 02:00:15.000000000,2018-12-31 19:17:09.000000000,closed,3,Webdav: server URL isn't normalized
218,2018-12-27 15:59:49.000000000,2019-02-07 21:13:41.000000000,closed,8,Error: path isundefined
217,2018-12-22 00:38:31.000000000,2019-04-01 03:09:39.000000000,closed,5,Feature Request: Keep Config Dialog Open if Browser Window Loses Focus
216,2018-12-21 23:57:06.000000000,2019-03-31 22:19:54.000000000,closed,26,Floccus 3.2.0: Error when deleting bookmarks
215,2018-12-20 12:42:02.000000000,2018-12-31 19:17:09.000000000,closed,18,Chromium Brave: Folder #-1[undefined] contains an nonexistent bookmark 19875
214,2018-12-17 00:18:20.000000000,2018-12-21 21:27:58.000000000,closed,1,Error: Bookmark to remove doesn't exist anymore
213,2018-12-15 19:30:12.000000000,2018-12-21 21:27:58.000000000,closed,3,Error: Item in folder ordering is not an actual child
212,2018-12-14 18:52:25.000000000,2018-12-14 23:46:32.000000000,closed,3,Why not consider using ftp to sync bookmarks? ?
211,2018-12-12 15:08:08.000000000,2018-12-13 20:32:58.000000000,closed,3,[Question] send a web site to a specific device like Firefox
210,2018-12-09 17:49:27.000000000,2018-12-10 21:33:04.000000000,closed,14,Error 500. Failed POST request in FireFox (works in chrome)
209,2018-12-07 13:46:27.000000000,2018-12-21 21:31:47.000000000,closed,2,"Make sync preserve lack of name for bookmarks, allowing for icon based bookmark management"
208,2018-12-04 16:37:16.000000000,2018-12-09 20:21:11.000000000,closed,9,Option to accept Self Signed Certificates
207,2018-12-04 01:07:37.000000000,2018-12-04 01:28:48.000000000,closed,2,compatibility with totp authentication
206,2018-12-03 18:51:09.000000000,2018-12-11 14:00:46.000000000,closed,2,Sync causes duplicates in bookmark bar
205,2018-12-03 13:10:07.000000000,2018-12-15 23:11:11.000000000,closed,2,"Keep sorting by saving ""Sort Index"""
204,2018-12-01 02:56:34.000000000,2018-12-03 21:18:04.000000000,closed,11,Its back: Folder ordering is missing some of the folder's children
203,2018-11-27 22:30:05.000000000,2018-11-30 21:14:07.000000000,closed,11,META: Duplicate bookmarks causing issues
202,2018-11-27 02:56:24.000000000,2018-11-27 03:44:09.000000000,closed,2,"Error in manifest file: unrecognized manifest key ""applications"""
201,2018-11-26 20:53:01.000000000,2018-12-12 08:04:53.000000000,closed,15,Cannot read property 'id' of undefined
200,2018-11-24 22:33:03.000000000,2018-12-01 03:25:42.000000000,closed,25,Index out of bounds  while trying to sync from/to NC 14 w/ bookmarks App 0.14
199,2018-11-22 23:45:16.000000000,2018-11-23 22:29:41.000000000,closed,7,Getting Error: bm.folder is undefined
198,2018-11-21 04:48:13.000000000,2018-12-15 23:12:30.000000000,closed,18,Error 500. Failed PUT Request. Check your server configuration.
197,2018-11-20 02:10:28.000000000,2018-11-22 02:06:48.000000000,closed,2,Invalid  Bookmark error on first sync
196,2018-11-17 00:31:22.000000000,2018-11-17 00:42:13.000000000,closed,1,"Sync of bookmarks stop with ""body.append is not a function"""
195,2018-11-15 20:42:00.000000000,2018-11-16 19:00:32.000000000,closed,3,XBEL Upload to OC not possible if server running on arbitrary port
194,2018-11-15 17:58:11.000000000,2018-11-25 02:06:04.000000000,closed,0,More tests
193,2018-11-15 07:42:18.000000000,2018-11-17 19:39:56.000000000,closed,12,Floccus is not syncing bookmarks folder 
192,2018-11-13 18:50:54.000000000,2018-11-14 03:07:59.000000000,closed,19,Folder ordering is missing some of the folder's children
191,2018-11-12 23:01:20.000000000,2018-11-12 23:07:07.000000000,closed,1,Erroneous URL encoding across synchronizations
190,2018-11-12 06:22:59.000000000,2019-09-02 15:17:46.000000000,closed,44,"Performance: Gets stuck at ""Synching..."" and never finishes"
189,2018-11-12 05:51:29.000000000,2019-07-31 01:03:49.000000000,closed,2,Implement floccus app in NextCloud so batch operations can be done locally
188,2018-11-12 05:33:34.000000000,2018-12-21 21:27:58.000000000,closed,1,Firefox with dark theme -- hard to see checkbox
187,2018-11-06 06:13:34.000000000,2018-11-08 18:29:23.000000000,closed,2,[usability] focus on the password field automatically and send password with enter
186,2018-11-05 19:21:54.000000000,1970-01-01 00:00:00.000000001,open,1,Separators
185,2018-10-24 17:34:32.000000000,2018-11-05 19:48:41.000000000,closed,2,@-symbol in username
184,2018-10-24 12:43:02.000000000,2018-11-08 18:16:24.000000000,closed,3,"While rearranging, bookmarks disappeared locally and put into ""undefined"" tag"
183,2018-10-09 21:18:54.000000000,2018-11-04 18:16:14.000000000,closed,2,Link changes after Sync
182,2018-10-07 02:04:27.000000000,2018-11-26 20:48:17.000000000,closed,5,rss-bookmarks are deleted when saved inside a folder after sync
181,2018-10-05 06:48:36.000000000,2018-11-09 20:05:02.000000000,closed,9,Chrome bookmarks toolbar: Can't move top level folder to a subfolder (toFolder not defined)
180,2018-10-03 02:30:34.000000000,2018-11-05 19:47:23.000000000,closed,2,"Usability issues, Firefox DE & Vivaldi & Chromium Inox on Arch, using WebDAV"
179,2018-10-03 01:25:05.000000000,2018-12-21 21:27:58.000000000,closed,2,Suspend syncing
178,2018-10-03 01:22:32.000000000,2018-11-08 18:43:16.000000000,closed,1,floccus.log size and name
177,2018-10-03 01:19:11.000000000,2018-10-03 02:05:23.000000000,closed,4,Local sync proposal
176,2018-10-01 11:27:00.000000000,2018-11-12 16:47:15.000000000,closed,6,Floccus (XBEL) is spamming the Nextcloud activity stream
175,2018-09-29 13:34:01.000000000,2018-09-30 14:55:37.000000000,closed,1,Chrome WebStore entry removed due to suspicious appearance
174,2018-09-28 05:07:19.000000000,2018-09-29 01:38:12.000000000,closed,4,NC14: Failed POST request
173,2018-09-23 08:40:04.000000000,2018-09-23 22:26:33.000000000,closed,5,GuzzleHttp-issue with Chromium and GDrive bookmark
172,2018-09-22 18:20:45.000000000,2018-09-23 22:56:57.000000000,closed,4,"keyword search broken because floccus changes ""%s"" into ""%25s"" in URLs"
171,2018-09-19 09:09:13.000000000,2018-09-26 05:57:40.000000000,closed,7,webdav: sync success but no file in webdav
170,2018-09-14 13:43:19.000000000,2018-11-05 21:29:07.000000000,closed,5,"""Server folder"" emtpy creates ""flocus:"" on server"
169,2018-09-07 16:05:04.000000000,2019-07-20 21:56:41.000000000,closed,6,Reset cache: Explicitly select which side to keep or whether to merge
168,2018-09-07 11:35:22.000000000,2018-09-07 13:22:33.000000000,closed,1,"Tags are not ""synced down"""
167,2018-09-03 17:19:01.000000000,2018-09-23 20:31:10.000000000,closed,1,Browser updates stealing focus
166,2018-09-02 21:13:39.000000000,2018-09-02 22:12:57.000000000,closed,1,bookmarksCache is not defined.
165,2018-09-01 20:26:57.000000000,2018-11-24 03:05:39.000000000,closed,5,Bookmarklets are being removed in second sync
164,2018-09-01 02:14:46.000000000,2018-11-24 02:58:45.000000000,closed,1,Investigate ) in folder names for nc-bookmarks adapter
163,2018-08-31 22:05:45.000000000,2018-09-01 16:06:37.000000000,closed,3,failed GET request
162,2018-08-31 07:23:59.000000000,2018-11-09 22:23:29.000000000,closed,7,Google Chrome: Bookmarks Menu not synching
161,2018-08-31 05:21:59.000000000,2018-10-07 22:55:23.000000000,closed,3,Odd bookmark folder created - Nextcloud (me@https://myserver.net)
160,2018-08-31 02:13:08.000000000,2018-08-31 17:29:12.000000000,closed,2,WebDav error line 175 WebDav.js
159,2018-08-30 08:10:52.000000000,2018-09-02 18:11:41.000000000,closed,13,Need to protect the server password
158,2018-08-28 10:35:09.000000000,2018-08-28 22:42:00.000000000,closed,1,Chrome won't download bookmarks from NextCloud
157,2018-08-27 17:59:27.000000000,2018-09-02 22:12:02.000000000,closed,49,"Error: ""xbelObj is undefined"""
156,2018-08-27 13:10:05.000000000,2018-12-04 00:56:25.000000000,closed,8,Password with a € doesn't work
155,2018-08-27 06:42:55.000000000,2018-10-07 22:48:38.000000000,closed,7,Add way to list duplicate bookmarks
154,2018-08-25 14:53:16.000000000,2018-08-25 17:06:40.000000000,closed,1,securing credentials
153,2018-08-25 13:51:24.000000000,2018-08-25 18:47:13.000000000,closed,5,XBEL sync not working with owncloud (Origin header=null)
152,2018-08-24 16:50:02.000000000,2018-08-24 20:41:24.000000000,closed,6,Bookmarks gone after XBEL sync
151,2018-08-24 12:28:01.000000000,2018-08-31 18:36:33.000000000,closed,11,floccus 3.0.1 syncing makes my firefox down
150,2018-08-24 01:50:37.000000000,2018-08-24 19:04:39.000000000,closed,1,Bookmarks and folders re-arranged in Alphabetical Order - WebDAV/xbel
149,2018-08-23 22:29:44.000000000,2018-08-24 19:13:09.000000000,closed,8,"Sync Error ""currentSubtree.children is undefined"""
148,2018-08-23 15:20:59.000000000,2018-08-23 16:45:23.000000000,closed,4,New permissions in v3
147,2018-08-23 10:48:26.000000000,2018-08-24 19:08:24.000000000,closed,7,v3: Multi-tags bookmarks in odd way
146,2018-08-22 20:19:37.000000000,2018-08-24 02:23:54.000000000,closed,6,WebDAV: Keep a set of previous xbel file versions for backup purposes
145,2018-08-21 05:16:10.000000000,2018-08-21 15:15:37.000000000,closed,1,"Failed Sync with sub-URL (Nextcloud 13, bookmarks v0.12.0-rc7)"
144,2018-08-17 02:21:22.000000000,2018-08-19 20:03:17.000000000,closed,2,Folder structure is not preserved.
143,2018-08-15 00:50:40.000000000,2018-08-16 20:48:54.000000000,closed,8,Can't synchronize.
142,2018-08-11 02:49:17.000000000,2018-08-11 11:48:36.000000000,closed,1,Rename Built-in folders to allow cross-platform sync of root out of the box
141,2018-08-11 02:39:58.000000000,2018-08-11 16:55:27.000000000,closed,2,Ignore bookmarks outside of the built-in bookmarks folders (v3)
140,2018-08-11 02:38:59.000000000,2018-08-11 16:55:32.000000000,closed,0,Don't try to remove built-in bookmark folders (v3)
139,2018-08-02 19:47:23.000000000,2019-03-09 02:59:27.000000000,closed,3,Firefox / X11: Extension popup is closed when clicking on password input
138,2018-07-31 12:56:47.000000000,2018-08-09 00:05:10.000000000,closed,15,Chrome 68: Network error synchronizing
137,2018-07-30 10:05:33.000000000,2018-07-30 16:04:22.000000000,closed,1,Support bookmarks without title
136,2018-07-29 13:18:48.000000000,2018-12-20 23:30:40.000000000,closed,22,Keine Synchronisation mit Nextcloud
135,2018-07-13 22:09:56.000000000,2018-07-14 22:07:47.000000000,closed,1,Feature Request: Use browser's password store (if possible)
134,2018-07-13 22:06:55.000000000,2018-07-17 00:39:27.000000000,closed,1,Bug in setting up the Sync folder
133,2018-07-11 21:01:12.000000000,2018-08-13 23:22:35.000000000,closed,5,autologin on firefox without password
132,2018-07-10 22:27:43.000000000,2018-08-04 02:06:51.000000000,closed,3,Bookmarks with no name are renamed to the server's <title> and are reordered as the last bookmarks
131,2018-07-02 23:59:44.000000000,2018-08-23 01:04:13.000000000,closed,55,Floccus v3 beta phase
130,2018-06-30 23:15:40.000000000,2018-07-01 01:14:08.000000000,closed,1,Webdav caching
129,2018-06-19 01:45:47.000000000,2020-08-01 22:38:50.000000000,closed,9,please specify how to disable the native sync
128,2018-06-18 10:35:13.000000000,2018-07-17 00:44:07.000000000,closed,20,Sync not showing up on Nextcloud
127,2018-06-15 20:02:38.000000000,2018-06-19 15:41:36.000000000,closed,6,help for set up
126,2018-06-10 09:56:33.000000000,2018-06-18 20:14:36.000000000,closed,6,Can't sync on Chromium 67
125,2018-06-08 23:05:58.000000000,2018-06-22 22:42:17.000000000,closed,3,Refactor Adapters
124,2018-06-08 22:27:49.000000000,2018-06-22 22:57:33.000000000,closed,8,User Interface > Server Path - what does this mean?
123,2018-06-08 12:42:31.000000000,2018-06-23 14:00:39.000000000,closed,18,"Not syncing any folder except the created NextCloud folder, intentional?"
122,2018-06-07 04:15:33.000000000,2018-06-08 22:55:27.000000000,closed,3,Nextcloud Full text search (Beta) breaks syncing
121,2018-06-07 01:35:23.000000000,2018-08-04 01:53:20.000000000,closed,6,Stuck on 'Syncing...'
120,2018-06-05 04:12:13.000000000,2018-08-26 03:37:45.000000000,closed,6,Error Removing a bookmark on the server failed. 
119,2018-06-05 04:06:50.000000000,2018-08-23 01:44:34.000000000,closed,11,Error Trying to create a URL that is already bookmarked
118,2018-06-04 18:44:17.000000000,2018-08-23 01:48:22.000000000,closed,10,Couldn't authenticate for removing bookmarks from the server.
117,2018-06-03 03:06:13.000000000,2018-06-07 02:32:22.000000000,closed,10,WebDAV backend (WIP)
116,2018-06-03 01:16:13.000000000,2018-06-03 03:12:08.000000000,closed,7,WebDAV backend (WIP)
115,2018-06-02 22:34:23.000000000,2018-07-09 21:07:07.000000000,closed,2,Impossible to enter server path
114,2018-05-31 18:34:48.000000000,2018-06-02 22:33:22.000000000,closed,3,Newly created bookmark disappears on sync
113,2018-05-31 16:32:45.000000000,2019-03-01 20:01:09.000000000,closed,12,Order of bookmarks gets intermixed
112,2018-05-31 03:00:18.000000000,2018-06-02 19:34:58.000000000,closed,5,Julian 004
111,2018-05-28 13:03:06.000000000,2018-06-04 21:55:53.000000000,closed,3,How to setup sync on a second browser without destroying the bookmarks?
110,2018-05-26 13:27:52.000000000,2018-05-26 22:49:35.000000000,closed,4,"Firefox & Chromium Add-On installation issues: ""bob"" remains username and other authentification issues"
109,2018-05-25 23:13:34.000000000,2018-06-07 01:34:32.000000000,closed,10,not syncing
108,2018-05-25 22:26:52.000000000,1970-01-01 00:00:00.000000001,open,7,"Popup window clipped / cropped/ cut off, when used with Firefox overflow menu"
107,2018-05-25 20:07:53.000000000,2018-05-25 22:05:32.000000000,closed,1,Unable to Sync
106,2018-05-24 20:27:39.000000000,2018-06-07 01:43:07.000000000,closed,6,Cannot read property 'indexOf' of null
105,2018-05-23 20:05:59.000000000,2018-06-01 02:01:26.000000000,closed,7,WebDAV adapter (WIP)
104,2018-05-17 01:46:04.000000000,2018-05-27 01:24:22.000000000,closed,6,Trying to create a URL that is already bookmarked. This shouldn't happen! Please tell the developer about this!
103,2018-05-14 18:55:00.000000000,2018-05-23 21:17:17.000000000,closed,0,WebDAV backend (WIP)
102,2018-05-11 13:52:15.000000000,2018-05-11 15:16:15.000000000,closed,2,Error removing bookmark on server
101,2018-05-10 22:00:41.000000000,2018-05-10 22:04:03.000000000,closed,1,Trying to update a node of a bookmark that has none
100,2018-05-10 12:19:44.000000000,2018-05-27 01:12:03.000000000,closed,5,add support for v0.10.1 again
99,2018-05-10 04:10:20.000000000,2018-05-17 19:47:30.000000000,closed,0,Julian 001
98,2018-05-10 03:10:28.000000000,2018-05-10 14:38:10.000000000,closed,2,Sync errors in both Firefox and Chrome (str is undefined/Cannot read property 'split')
97,2018-05-10 01:38:29.000000000,2018-05-10 15:45:56.000000000,closed,5,"Error: ""trying to update a node of a bookmark that has none"""
96,2018-05-05 17:44:00.000000000,2018-05-09 22:38:47.000000000,closed,1,Nothing happens when clicking on icon.
95,2018-05-05 02:40:42.000000000,2018-06-04 18:11:29.000000000,closed,3,Different errors at the same time due to removing duplicate bookmarks
94,2018-05-03 00:13:50.000000000,2018-05-08 22:05:11.000000000,closed,4,Network error with Chrome extention
93,2018-05-02 19:27:19.000000000,2018-05-03 03:29:22.000000000,closed,6,"Unable to sync to Nextcloud, ""Unexpected token < in JSON at position 0"" error"
92,2018-05-02 17:38:50.000000000,2018-05-02 18:49:24.000000000,closed,5,This shouldn't happen! Please tell the developer about this!
91,2018-05-02 14:08:29.000000000,2018-06-04 18:10:58.000000000,closed,10,"to slow, takes to much cpu"
90,2018-05-02 10:26:32.000000000,2018-05-02 18:55:05.000000000,closed,1,Firefox version 57 required
89,2018-04-30 11:43:39.000000000,2018-04-30 19:53:14.000000000,closed,5,Error message: localMark is undefined
88,2018-04-17 18:45:48.000000000,2018-08-26 03:36:27.000000000,closed,8,pathSegment is undefined -- Path tag corrupted when editing in bookmarks app
87,2018-04-16 18:10:06.000000000,2018-07-09 21:10:03.000000000,closed,5,"Support to sync also ""file://"" bookmarks"
86,2018-04-16 10:41:01.000000000,2018-07-09 21:06:45.000000000,closed,21,Feature Request: XBEL support (or other file format)
85,2018-04-15 14:22:00.000000000,2018-05-02 20:39:01.000000000,closed,9,"Creating bookmark on the server failed, but it didn't fail"
84,2018-04-14 13:57:57.000000000,2018-04-18 23:40:54.000000000,closed,4,"Tag ""floccus"" created automatically"
83,2018-04-10 11:52:13.000000000,2018-08-04 02:17:50.000000000,closed,3,Empty bookmark folders not syncing
82,2018-04-10 11:48:41.000000000,2018-06-22 00:28:35.000000000,closed,12,Bug deleting entry on server that already didn't exist
81,2018-04-10 11:46:39.000000000,2020-08-01 22:41:57.000000000,closed,7,Icons not being preserved
80,2018-04-10 11:44:37.000000000,2018-07-09 21:07:44.000000000,closed,5,Doesn't like duplicate bookmarks - even in different folders
79,2018-04-10 11:41:44.000000000,2018-08-26 03:37:03.000000000,closed,7,Emojis in folder names cause folder paths to be dropped
78,2018-04-09 15:00:09.000000000,2018-05-10 17:28:42.000000000,closed,4,Trying to create a URL that is already bookmarked. This shouldn't happen! Please tell the developer about this!
77,2018-04-09 12:52:03.000000000,2018-05-09 22:40:00.000000000,closed,5,"Make floccus prefix configurable to support multiple ""profiles"""
76,2018-04-09 01:54:17.000000000,2018-04-09 02:03:02.000000000,closed,1,Unrecognized manifest key 'applications'
75,2018-04-08 00:39:00.000000000,2018-04-08 02:14:00.000000000,closed,2,"Floccus Options -- No ability to remove after clicking ""Add Account"""
74,2018-04-07 06:36:09.000000000,2018-04-22 17:56:28.000000000,closed,4,Firefox 59.0.2 -- Open Floccus Options not working in version 2.0.6 with Bookmarks 0.11.0
73,2018-04-05 22:38:35.000000000,2018-05-23 19:24:19.000000000,closed,32,Empty options panel
72,2018-04-05 19:13:08.000000000,2018-04-07 01:35:02.000000000,closed,4,Cannot create new folders locally
71,2018-04-04 17:04:10.000000000,2018-04-07 01:35:02.000000000,closed,2,"The character ',' in the bookmark folder name must be escaped in the tag name"
70,2018-04-03 07:16:41.000000000,2018-04-09 08:03:20.000000000,closed,9,Trying to create a URL that is already bookmarked.
69,2018-04-03 02:16:53.000000000,2018-05-09 22:40:22.000000000,closed,10,Can't modify the root bookmark folders -- Implement folder mapping
68,2018-04-03 00:32:49.000000000,2018-04-03 01:29:00.000000000,closed,6,Unable to activate Chrome extension
67,2018-04-02 01:15:42.000000000,2018-04-22 17:56:28.000000000,closed,20,Invalid Bookmark: {„guid“:“unified___________“}
66,2018-03-31 19:25:08.000000000,2018-03-31 23:42:06.000000000,closed,4,"Initial ""Add Account"" does not work"
65,2018-03-31 03:17:57.000000000,2018-04-03 00:14:32.000000000,closed,6,High CPU usage and long Sync times
64,2018-03-30 02:14:55.000000000,2018-04-06 19:36:09.000000000,closed,33,Not syncing & strange Tags
63,2018-03-29 20:27:48.000000000,2018-03-30 20:19:44.000000000,closed,1,pathSegment is undefined - Which one? What to do now?
62,2018-03-29 11:00:29.000000000,2018-03-30 20:19:44.000000000,closed,3,Trying to create a URL that is already bookmarked. This shouldn't happen! Please tell the developer about this!
61,2018-03-28 18:54:33.000000000,2018-04-03 01:29:40.000000000,closed,14,Extension not working - Login Screen does not open
60,2018-03-27 11:47:57.000000000,2018-06-24 20:27:49.000000000,closed,1,Disallow raw http in favor of https in nextcloud URL
59,2018-03-25 07:08:00.000000000,2018-03-27 11:46:58.000000000,closed,4,Handling of Secure Connection Errors
58,2018-03-24 21:41:11.000000000,2018-03-27 17:34:21.000000000,closed,17,Error to sync! SOLVED
57,2018-03-24 12:45:17.000000000,2018-04-09 01:38:32.000000000,closed,9,Doubled bookmarks on Chrome mac OS
56,2018-03-20 07:40:19.000000000,2018-03-25 01:54:34.000000000,closed,6,Floccus Unable to Remove Bookmarks
55,2018-03-19 19:30:44.000000000,2018-03-27 02:49:24.000000000,closed,7,This bookmark doesn't belong to the current account
54,2018-03-18 16:16:38.000000000,2018-04-05 01:37:33.000000000,closed,74,Duplicates on firefox
53,2018-03-03 01:25:32.000000000,2018-03-18 00:59:34.000000000,closed,3,Performance / Syncing freezes browser UI
52,2018-02-12 15:12:09.000000000,2018-02-12 20:11:36.000000000,closed,2,Connection error - JSON parse
51,2018-02-08 02:34:43.000000000,2018-04-04 21:04:11.000000000,closed,3,Looking for someone to maintain a Chrome WebStore entry
50,2018-01-31 12:11:08.000000000,2018-01-31 19:56:48.000000000,closed,1,CHANGELOG.md is out of date
49,2018-01-26 21:52:46.000000000,2018-01-29 19:38:03.000000000,closed,5,Error trying to sync on Firefox 58.
48,2018-01-24 11:05:00.000000000,2018-03-01 02:59:22.000000000,closed,9,Preserve time stamps for imported bookmarks
47,2018-01-22 14:36:40.000000000,2018-04-03 01:32:32.000000000,closed,13,Using side-by-side with Firefox Sync
46,2018-01-05 01:58:13.000000000,2018-03-18 01:16:44.000000000,closed,32,Beta phase for v2.0.0
45,2017-12-22 21:06:05.000000000,2019-04-17 21:28:23.000000000,closed,4,Strategic thoughts on bookmark (and other) syncing
44,2017-12-21 20:50:52.000000000,2017-12-28 04:28:15.000000000,closed,2,Trailing slash URL error
43,2017-12-21 20:49:31.000000000,2018-01-31 04:17:54.000000000,closed,5,Strange settings behaviour under Linux Firefox 57.0.1
42,2017-12-20 18:56:06.000000000,2018-04-22 23:05:03.000000000,closed,9,Automatic Backup for bookmarks per seperate Folder as HTML
41,2017-12-18 19:47:54.000000000,2017-12-19 01:33:56.000000000,closed,0,Local bookmarks don't turn up on the server?
40,2017-12-15 14:57:04.000000000,2017-12-19 01:33:56.000000000,closed,4,Feature request: Stop trying to sync without a username and password even entered.
39,2017-12-15 14:54:03.000000000,2017-12-15 16:20:10.000000000,closed,1,1.3.1 showing as 1.3.0 after update and a new install.
38,2017-12-12 04:33:13.000000000,2017-12-19 01:46:55.000000000,closed,3,"Nice work, but..."
37,2017-11-28 23:10:55.000000000,2017-12-03 00:32:41.000000000,closed,1,"Sync folder is called ""Nextcloud (bob@http://example.org)"" when setting up 1.3.0 beta 5 on Opera Next 51.0.2781.0"
36,2017-11-19 17:11:42.000000000,2017-11-21 12:12:39.000000000,closed,6,No sync with NC 12.0.3-3 and FF 57.0
35,2017-11-10 04:51:23.000000000,2017-11-11 03:35:30.000000000,closed,6,Unable to connect v1.3.0-beta.5
34,2017-11-08 22:38:50.000000000,2017-11-08 22:47:11.000000000,closed,1,"[Chrome] Nothing happens after clicking button ""Add account"""
33,2017-11-02 23:18:18.000000000,2017-11-03 12:57:09.000000000,closed,2,"chrome: Hangs at ""Checking..."""
32,2017-10-29 19:52:57.000000000,2017-10-31 03:56:28.000000000,closed,10,Not logging in
31,2017-10-09 11:41:27.000000000,2018-01-31 04:29:45.000000000,closed,35,Nextcloud 10.0.3 with ssl -> Chromium-> Floccus not synching
30,2017-10-02 15:46:50.000000000,2017-10-02 16:33:58.000000000,closed,1,1.3.0 Beta 3 *.crx is 1.2.0 actually
29,2017-10-02 06:08:59.000000000,2017-10-02 15:55:01.000000000,closed,3,Extension does not work on Firefox 57
28,2017-09-19 19:21:57.000000000,1970-01-01 00:00:00.000000001,open,12,Tags are not being synced
27,2017-08-12 19:42:47.000000000,2017-12-09 23:45:41.000000000,closed,23,Testing phase for v1.3 (beta 5)
26,2017-08-10 18:32:22.000000000,2017-08-12 18:30:20.000000000,closed,1,Seetings: Indicator of successful server connection
25,2017-08-06 14:44:53.000000000,2017-08-12 19:44:24.000000000,closed,3,Setup dev environment?
24,2017-07-26 18:22:51.000000000,2017-08-12 19:04:11.000000000,closed,0,Trigger sync on local change
23,2017-07-26 12:49:41.000000000,1970-01-01 00:00:00.000000001,open,9,Safari extension possible ?
22,2017-07-08 12:16:35.000000000,2017-07-26 19:31:20.000000000,closed,6,Force sync
21,2017-07-04 16:09:01.000000000,2017-07-06 00:51:07.000000000,closed,4,Normalize server url
20,2017-07-03 15:57:07.000000000,2017-10-31 03:59:39.000000000,closed,19,No sync between NC12.0.0 and floccus 1.2.0
19,2017-06-30 00:27:55.000000000,2017-06-30 15:29:44.000000000,closed,6,Opera support?
18,2017-06-21 17:54:41.000000000,2018-03-28 11:52:42.000000000,closed,11,[Vivaldi] Unable to fetch bookmarks from Nextcloud 12 instance
17,2017-06-19 03:30:55.000000000,2017-06-19 17:52:53.000000000,closed,3,add a way for the user to manually trigger a sync - fixes #16
16,2017-05-25 00:01:39.000000000,2017-06-21 13:42:46.000000000,closed,1,Add a way for the user to manually trigger a sync
15,2017-05-24 19:18:21.000000000,2017-05-24 20:11:03.000000000,closed,2,Unrecognized manifest key 'applications'
14,2017-05-22 13:07:52.000000000,2017-05-28 00:39:12.000000000,closed,10,"No synchronization, no error-report (firefox)"
13,2017-05-20 13:39:28.000000000,2017-06-21 13:45:06.000000000,closed,2,Multiple Nextcloud accounts
12,2017-05-20 13:25:32.000000000,2018-04-22 22:58:47.000000000,closed,8,password stored in cleartext in firefox
11,2017-05-16 22:45:39.000000000,2018-03-18 01:14:49.000000000,closed,6,Sync Firefox's Entire Bookmark Tree
10,2017-05-08 17:50:46.000000000,2017-05-14 23:44:09.000000000,closed,3,Brave support
9,2017-02-19 14:13:42.000000000,2017-02-19 17:58:15.000000000,closed,2,Doesnt work?
8,2017-01-13 20:02:29.000000000,2017-05-15 01:37:52.000000000,closed,5,Password from floccus sync appears in nextcloud logs
7,2016-12-18 19:55:48.000000000,2017-05-15 01:28:02.000000000,closed,22,NextCloud 11 Support
6,2016-12-12 19:03:32.000000000,2017-05-17 01:26:50.000000000,closed,5,Floccus hangs browser if accessing Owncloud with 200+ bookmarks
5,2016-11-20 23:03:43.000000000,2018-03-18 01:14:30.000000000,closed,21,folders
4,2016-11-20 20:56:53.000000000,2016-11-22 00:21:06.000000000,closed,2,json.map is not a function
3,2016-08-04 23:57:15.000000000,1970-01-01 00:00:00.000000001,open,31,Firefox for Android support
2,2016-06-13 20:26:21.000000000,2016-06-16 00:33:28.000000000,closed,4,Compatibility with Firefox 47
1,2016-06-11 00:24:40.000000000,2018-01-31 04:19:06.000000000,closed,4,Architecture sketch for encrypted storage (unlikely to come)
