id,created_at,closed_at,merged_at,state,merged
447,2015-06-29 08:30:18.000000000,2015-06-30 05:35:46.000000000,2015-06-30 05:35:46.000000000,closed,True
486,2015-08-24 22:11:34.000000000,2015-08-24 22:12:16.000000000,2015-08-24 22:12:16.000000000,closed,True
500,2015-09-18 09:28:41.000000000,2015-10-13 09:33:27.000000000,1970-01-01 00:00:00.000000001,closed,False
503,2015-09-23 02:57:47.000000000,2015-10-12 06:28:57.000000000,2015-10-12 06:28:57.000000000,closed,True
505,2015-09-27 22:15:21.000000000,2015-09-28 00:07:31.000000000,1970-01-01 00:00:00.000000001,closed,False
506,2015-09-28 03:45:44.000000000,2015-10-10 19:11:59.000000000,2015-10-10 19:11:59.000000000,closed,True
523,2015-10-18 05:05:02.000000000,2015-10-18 05:06:31.000000000,2015-10-18 05:06:31.000000000,closed,True
524,2015-10-18 19:22:23.000000000,2015-11-20 17:30:14.000000000,2015-11-20 17:30:14.000000000,closed,True
528,2015-10-22 22:22:44.000000000,2015-10-23 02:57:34.000000000,2015-10-23 02:57:34.000000000,closed,True
536,2015-11-06 20:09:20.000000000,2015-11-11 20:06:51.000000000,2015-11-11 20:06:50.000000000,closed,True
540,2015-11-22 22:14:15.000000000,2015-11-23 00:49:11.000000000,2015-11-23 00:49:11.000000000,closed,True
549,2015-12-15 21:19:21.000000000,2015-12-16 22:38:46.000000000,2015-12-16 22:38:46.000000000,closed,True
556,2016-01-18 07:07:16.000000000,2016-01-21 07:09:22.000000000,2016-01-21 07:09:22.000000000,closed,True
559,2016-01-21 10:45:44.000000000,2016-01-28 07:50:35.000000000,2016-01-28 07:50:35.000000000,closed,True
560,2016-01-24 08:09:47.000000000,2016-02-04 08:48:19.000000000,1970-01-01 00:00:00.000000001,closed,False
562,2016-01-27 22:15:43.000000000,2016-01-27 22:21:02.000000000,2016-01-27 22:21:02.000000000,closed,True
566,2016-02-04 02:41:23.000000000,2016-02-04 02:43:50.000000000,2016-02-04 02:43:50.000000000,closed,True
567,2016-02-05 15:34:50.000000000,2016-02-11 04:40:38.000000000,2016-02-11 04:40:38.000000000,closed,True
569,2016-02-09 10:09:50.000000000,2016-02-09 21:54:25.000000000,1970-01-01 00:00:00.000000001,closed,False
571,2016-02-10 09:36:59.000000000,2016-02-11 07:58:25.000000000,2016-02-11 07:58:25.000000000,closed,True
573,2016-02-15 03:22:14.000000000,2016-02-15 03:23:27.000000000,2016-02-15 03:23:27.000000000,closed,True
574,2016-02-16 21:11:18.000000000,2016-02-16 22:40:54.000000000,2016-02-16 22:40:54.000000000,closed,True
582,2016-02-23 05:10:38.000000000,2016-02-23 05:22:56.000000000,2016-02-23 05:22:56.000000000,closed,True
588,2016-03-02 07:36:12.000000000,2016-03-02 07:41:09.000000000,2016-03-02 07:41:09.000000000,closed,True
592,2016-03-05 08:54:27.000000000,2016-03-05 08:54:40.000000000,2016-03-05 08:54:40.000000000,closed,True
599,2016-03-15 19:07:17.000000000,2016-03-15 19:08:17.000000000,2016-03-15 19:08:17.000000000,closed,True
614,2016-04-18 19:00:33.000000000,2016-04-18 19:06:15.000000000,2016-04-18 19:06:15.000000000,closed,True
619,2016-04-22 17:19:36.000000000,2016-05-21 21:55:25.000000000,2016-05-21 21:55:25.000000000,closed,True
636,2016-05-28 17:07:47.000000000,2016-05-28 17:17:21.000000000,2016-05-28 17:17:21.000000000,closed,True
638,2016-05-31 17:26:59.000000000,2016-05-31 17:27:14.000000000,2016-05-31 17:27:14.000000000,closed,True
639,2016-06-05 02:39:22.000000000,2016-06-05 02:39:42.000000000,2016-06-05 02:39:42.000000000,closed,True
640,2016-06-06 01:40:06.000000000,2016-06-06 01:40:13.000000000,2016-06-06 01:40:13.000000000,closed,True
641,2016-06-06 19:13:00.000000000,2016-06-06 19:13:06.000000000,2016-06-06 19:13:06.000000000,closed,True
643,2016-06-16 06:44:16.000000000,2016-06-16 06:44:27.000000000,2016-06-16 06:44:27.000000000,closed,True
644,2016-06-16 19:35:23.000000000,2016-06-16 19:35:30.000000000,2016-06-16 19:35:30.000000000,closed,True
645,2016-06-18 20:08:57.000000000,2016-06-18 20:09:54.000000000,2016-06-18 20:09:54.000000000,closed,True
647,2016-06-22 01:36:52.000000000,2016-06-22 01:37:32.000000000,2016-06-22 01:37:32.000000000,closed,True
648,2016-06-24 23:05:14.000000000,2016-06-24 23:05:54.000000000,2016-06-24 23:05:54.000000000,closed,True
649,2016-06-25 18:40:25.000000000,2016-06-25 18:40:38.000000000,2016-06-25 18:40:38.000000000,closed,True
651,2016-06-27 00:18:35.000000000,2016-06-27 00:18:55.000000000,2016-06-27 00:18:55.000000000,closed,True
654,2016-06-29 03:58:16.000000000,2016-06-29 03:58:27.000000000,2016-06-29 03:58:27.000000000,closed,True
655,2016-06-29 17:48:59.000000000,2016-06-29 17:49:11.000000000,2016-06-29 17:49:11.000000000,closed,True
656,2016-07-01 02:31:58.000000000,2016-07-01 02:32:03.000000000,2016-07-01 02:32:03.000000000,closed,True
657,2016-07-01 02:34:54.000000000,2016-07-01 02:35:00.000000000,2016-07-01 02:35:00.000000000,closed,True
658,2016-07-02 01:44:35.000000000,2016-07-02 01:44:51.000000000,2016-07-02 01:44:51.000000000,closed,True
659,2016-07-02 06:32:09.000000000,2016-07-02 06:32:19.000000000,2016-07-02 06:32:19.000000000,closed,True
660,2016-07-03 05:34:27.000000000,2016-07-03 05:34:36.000000000,2016-07-03 05:34:36.000000000,closed,True
662,2016-07-04 00:19:25.000000000,2016-07-04 00:19:31.000000000,2016-07-04 00:19:31.000000000,closed,True
673,2016-07-28 04:17:37.000000000,2016-07-31 18:59:38.000000000,2016-07-31 18:59:38.000000000,closed,True
678,2016-08-08 15:50:13.000000000,2016-08-10 05:58:18.000000000,2016-08-10 05:58:18.000000000,closed,True
679,2016-08-09 09:15:04.000000000,2016-08-10 06:00:38.000000000,2016-08-10 06:00:38.000000000,closed,True
680,2016-08-10 08:38:29.000000000,2016-08-10 19:32:28.000000000,2016-08-10 19:32:28.000000000,closed,True
681,2016-08-10 23:45:53.000000000,2016-08-13 23:49:04.000000000,2016-08-13 23:49:04.000000000,closed,True
687,2016-08-18 19:23:48.000000000,2016-08-18 19:32:22.000000000,2016-08-18 19:32:22.000000000,closed,True
692,2016-08-29 11:01:49.000000000,2017-03-06 16:53:41.000000000,1970-01-01 00:00:00.000000001,closed,False
693,2016-08-29 22:47:01.000000000,2017-05-16 00:04:22.000000000,1970-01-01 00:00:00.000000001,closed,False
696,2016-09-08 03:50:49.000000000,2016-09-08 03:51:17.000000000,1970-01-01 00:00:00.000000001,closed,False
704,2016-09-29 08:05:28.000000000,2016-09-29 08:17:06.000000000,1970-01-01 00:00:00.000000001,closed,False
705,2016-09-29 08:18:29.000000000,2016-09-29 09:12:46.000000000,2016-09-29 09:12:46.000000000,closed,True
706,2016-09-29 09:43:46.000000000,2016-11-08 21:42:27.000000000,2016-11-08 21:42:27.000000000,closed,True
716,2016-10-24 04:53:48.000000000,2016-10-24 05:02:26.000000000,2016-10-24 05:02:26.000000000,closed,True
718,2016-10-27 03:34:53.000000000,2016-10-27 03:36:43.000000000,2016-10-27 03:36:43.000000000,closed,True
731,2016-11-19 16:55:01.000000000,2017-02-23 00:53:01.000000000,2017-02-23 00:53:01.000000000,closed,True
745,2016-12-12 20:09:49.000000000,2016-12-12 21:35:35.000000000,1970-01-01 00:00:00.000000001,closed,False
792,2017-02-06 01:34:41.000000000,2017-02-06 04:26:09.000000000,1970-01-01 00:00:00.000000001,closed,False
793,2017-02-07 07:11:34.000000000,2017-02-12 00:47:57.000000000,1970-01-01 00:00:00.000000001,closed,False
813,2017-03-01 08:37:18.000000000,2017-03-01 08:45:34.000000000,2017-03-01 08:45:34.000000000,closed,True
814,2017-03-04 20:12:41.000000000,2017-03-04 22:01:51.000000000,2017-03-04 22:01:51.000000000,closed,True
817,2017-03-08 18:34:29.000000000,2017-03-08 18:54:35.000000000,2017-03-08 18:54:34.000000000,closed,True
826,2017-04-05 05:38:25.000000000,2017-04-12 01:43:20.000000000,2017-04-12 01:43:20.000000000,closed,True
827,2017-04-06 09:09:51.000000000,2017-04-08 05:55:07.000000000,2017-04-08 05:55:07.000000000,closed,True
829,2017-04-09 20:56:31.000000000,2017-04-09 21:39:22.000000000,2017-04-09 21:39:22.000000000,closed,True
835,2017-04-29 19:06:40.000000000,2017-04-29 21:36:36.000000000,2017-04-29 21:36:36.000000000,closed,True
847,2017-05-18 21:53:50.000000000,2017-06-15 22:34:35.000000000,1970-01-01 00:00:00.000000001,closed,False
859,2017-05-25 23:45:32.000000000,2017-05-25 23:56:47.000000000,2017-05-25 23:56:47.000000000,closed,True
874,2017-06-12 02:49:05.000000000,2017-06-12 02:54:20.000000000,2017-06-12 02:54:20.000000000,closed,True
880,2017-06-14 19:31:22.000000000,2017-06-15 06:51:13.000000000,1970-01-01 00:00:00.000000001,closed,False
882,2017-06-15 21:46:32.000000000,2017-06-15 22:33:23.000000000,2017-06-15 22:33:23.000000000,closed,True
883,2017-06-17 01:36:04.000000000,2017-06-22 16:06:59.000000000,1970-01-01 00:00:00.000000001,closed,False
885,2017-06-20 11:42:05.000000000,2017-07-14 21:21:55.000000000,2017-07-14 21:21:55.000000000,closed,True
890,2017-06-27 03:57:16.000000000,2017-06-27 07:00:54.000000000,2017-06-27 07:00:54.000000000,closed,True
905,2017-07-06 03:09:31.000000000,2017-07-06 04:50:10.000000000,2017-07-06 04:50:10.000000000,closed,True
909,2017-07-08 06:40:34.000000000,2017-07-08 07:02:14.000000000,1970-01-01 00:00:00.000000001,closed,False
918,2017-07-14 15:06:58.000000000,2017-07-14 21:21:40.000000000,2017-07-14 21:21:40.000000000,closed,True
925,2017-07-17 03:30:07.000000000,2017-07-17 19:44:32.000000000,2017-07-17 19:44:32.000000000,closed,True
937,2017-07-24 22:47:52.000000000,2017-07-24 22:54:06.000000000,1970-01-01 00:00:00.000000001,closed,False
964,2017-08-19 02:46:36.000000000,2017-08-23 18:21:50.000000000,2017-08-23 18:21:50.000000000,closed,True
967,2017-08-21 04:44:00.000000000,2017-08-23 02:42:08.000000000,2017-08-23 02:42:08.000000000,closed,True
979,2017-08-28 00:54:52.000000000,2017-08-28 01:25:31.000000000,1970-01-01 00:00:00.000000001,closed,False
980,2017-08-28 01:27:04.000000000,2017-08-30 02:27:32.000000000,1970-01-01 00:00:00.000000001,closed,False
982,2017-08-29 04:54:20.000000000,2017-08-30 02:16:04.000000000,2017-08-30 02:16:03.000000000,closed,True
983,2017-08-29 17:59:36.000000000,2017-08-29 18:02:36.000000000,2017-08-29 18:02:36.000000000,closed,True
984,2017-08-29 18:03:32.000000000,2017-08-29 18:03:54.000000000,1970-01-01 00:00:00.000000001,closed,False
986,2017-08-30 23:16:37.000000000,2017-08-30 23:55:20.000000000,2017-08-30 23:55:20.000000000,closed,True
987,2017-08-31 07:22:18.000000000,2017-08-31 18:08:06.000000000,2017-08-31 18:08:06.000000000,closed,True
988,2017-08-31 19:11:39.000000000,2017-08-31 19:14:49.000000000,2017-08-31 19:14:49.000000000,closed,True
989,2017-09-01 06:43:15.000000000,2017-09-01 07:15:00.000000000,1970-01-01 00:00:00.000000001,closed,False
994,2017-09-02 06:36:16.000000000,2017-09-02 06:39:02.000000000,2017-09-02 06:39:02.000000000,closed,True
1018,2017-10-11 14:01:39.000000000,2017-10-11 21:07:12.000000000,2017-10-11 21:07:12.000000000,closed,True
1020,2017-10-13 14:36:38.000000000,2017-10-23 00:12:33.000000000,2017-10-23 00:12:33.000000000,closed,True
1021,2017-10-14 02:39:46.000000000,2017-10-14 02:42:05.000000000,2017-10-14 02:42:05.000000000,closed,True
1023,2017-10-17 09:01:08.000000000,2017-10-17 09:01:50.000000000,1970-01-01 00:00:00.000000001,closed,False
1028,2017-10-20 08:44:38.000000000,2017-10-20 08:45:01.000000000,2017-10-20 08:45:01.000000000,closed,True
1032,2017-10-23 17:17:00.000000000,2017-10-23 22:17:52.000000000,2017-10-23 22:17:52.000000000,closed,True
1033,2017-10-24 01:55:32.000000000,2018-11-18 21:12:08.000000000,2018-11-18 21:12:08.000000000,closed,True
1034,2017-10-25 20:15:38.000000000,2017-10-25 20:24:18.000000000,2017-10-25 20:24:18.000000000,closed,True
1035,2017-10-26 00:48:29.000000000,2017-10-26 05:12:32.000000000,2017-10-26 05:12:32.000000000,closed,True
1037,2017-10-26 18:02:16.000000000,2017-10-29 16:27:25.000000000,2017-10-29 16:27:25.000000000,closed,True
1038,2017-10-26 20:21:17.000000000,2017-10-28 04:35:41.000000000,2017-10-28 04:35:41.000000000,closed,True
1039,2017-10-28 04:07:03.000000000,2017-10-28 04:34:13.000000000,2017-10-28 04:34:13.000000000,closed,True
1052,2017-11-10 08:35:10.000000000,2017-11-14 19:51:05.000000000,2017-11-14 19:51:05.000000000,closed,True
1058,2017-11-19 20:23:43.000000000,2017-11-19 20:39:55.000000000,2017-11-19 20:39:55.000000000,closed,True
1064,2017-11-21 07:52:09.000000000,2017-11-21 07:53:21.000000000,2017-11-21 07:53:21.000000000,closed,True
1065,2017-11-23 08:57:04.000000000,2017-11-24 12:56:22.000000000,2017-11-24 12:56:22.000000000,closed,True
1066,2017-11-24 13:37:44.000000000,2017-11-25 11:23:14.000000000,2017-11-25 11:23:13.000000000,closed,True
1067,2017-11-25 20:00:27.000000000,2017-12-03 23:27:16.000000000,2017-12-03 23:27:16.000000000,closed,True
1073,2017-12-03 23:24:08.000000000,2017-12-05 19:22:40.000000000,2017-12-05 19:22:40.000000000,closed,True
1080,2017-12-24 04:41:17.000000000,2018-03-14 00:42:33.000000000,2018-03-14 00:42:33.000000000,closed,True
1095,2018-01-14 05:23:39.000000000,2018-01-14 05:27:03.000000000,2018-01-14 05:27:03.000000000,closed,True
1098,2018-01-19 21:54:47.000000000,2018-02-10 16:58:46.000000000,2018-02-10 16:58:46.000000000,closed,True
1118,2018-02-16 06:50:45.000000000,2018-02-22 06:19:34.000000000,2018-02-22 06:19:34.000000000,closed,True
1123,2018-03-01 05:18:05.000000000,2018-03-01 05:19:33.000000000,2018-03-01 05:19:33.000000000,closed,True
1124,2018-03-03 01:09:26.000000000,2018-03-14 05:05:43.000000000,2018-03-14 05:05:43.000000000,closed,True
1125,2018-03-03 21:57:43.000000000,2018-03-09 00:15:48.000000000,2018-03-09 00:15:48.000000000,closed,True
1128,2018-03-08 14:07:23.000000000,2018-03-08 14:24:36.000000000,2018-03-08 14:24:36.000000000,closed,True
1131,2018-03-10 16:09:22.000000000,2018-03-14 05:05:44.000000000,2018-03-14 05:05:44.000000000,closed,True
1132,2018-03-10 21:08:17.000000000,2018-03-10 21:20:14.000000000,1970-01-01 00:00:00.000000001,closed,False
1133,2018-03-10 21:38:47.000000000,2018-03-10 22:09:50.000000000,1970-01-01 00:00:00.000000001,closed,False
1134,2018-03-10 22:25:02.000000000,2018-03-10 22:35:08.000000000,2018-03-10 22:35:08.000000000,closed,True
1140,2018-03-14 23:50:12.000000000,2018-03-15 00:20:43.000000000,1970-01-01 00:00:00.000000001,closed,False
1150,2018-03-19 20:30:55.000000000,2018-03-19 23:33:21.000000000,2018-03-19 23:33:21.000000000,closed,True
1152,2018-03-22 19:00:14.000000000,2018-06-22 19:47:48.000000000,2018-06-22 19:47:48.000000000,closed,True
1163,2018-03-29 14:03:03.000000000,2018-06-03 16:07:42.000000000,2018-06-03 16:07:42.000000000,closed,True
1170,2018-03-31 18:52:10.000000000,2018-04-02 04:54:35.000000000,2018-04-02 04:54:35.000000000,closed,True
1172,2018-04-03 02:37:25.000000000,2018-05-12 20:06:42.000000000,2018-05-12 20:06:42.000000000,closed,True
1189,2018-05-04 02:52:59.000000000,2018-05-21 00:18:53.000000000,2018-05-21 00:18:53.000000000,closed,True
1191,2018-05-07 00:22:55.000000000,2018-05-07 00:44:29.000000000,2018-05-07 00:44:29.000000000,closed,True
1192,2018-05-07 01:10:00.000000000,2018-06-23 19:20:01.000000000,2018-06-23 19:20:01.000000000,closed,True
1202,2018-05-30 03:15:16.000000000,2018-06-04 06:29:03.000000000,1970-01-01 00:00:00.000000001,closed,False
1205,2018-06-03 00:20:04.000000000,2018-06-04 06:04:50.000000000,2018-06-04 06:04:50.000000000,closed,True
1213,2018-06-11 00:30:54.000000000,2018-06-17 00:57:08.000000000,2018-06-17 00:57:08.000000000,closed,True
1218,2018-06-13 16:38:18.000000000,2018-06-13 16:40:27.000000000,2018-06-13 16:40:27.000000000,closed,True
1222,2018-06-21 18:01:04.000000000,2018-06-22 21:27:49.000000000,1970-01-01 00:00:00.000000001,closed,False
1237,2018-07-02 15:30:18.000000000,2018-11-04 22:05:20.000000000,2018-11-04 22:05:20.000000000,closed,True
1275,2018-08-15 19:23:22.000000000,2018-08-16 18:58:49.000000000,2018-08-16 18:58:49.000000000,closed,True
1276,2018-08-16 14:21:21.000000000,2018-08-21 23:30:05.000000000,2018-08-21 23:30:04.000000000,closed,True
1277,2018-08-16 16:00:56.000000000,2018-08-22 21:51:20.000000000,2018-08-22 21:51:20.000000000,closed,True
1289,2018-08-20 20:49:44.000000000,2018-10-09 01:52:51.000000000,1970-01-01 00:00:00.000000001,closed,False
1291,2018-08-21 17:44:39.000000000,2018-11-18 19:06:35.000000000,2018-11-18 19:06:35.000000000,closed,True
1292,2018-08-21 19:15:13.000000000,2018-08-21 22:53:28.000000000,2018-08-21 22:53:28.000000000,closed,True
1294,2018-08-23 16:34:30.000000000,2018-09-10 23:08:45.000000000,2018-09-10 23:08:45.000000000,closed,True
1295,2018-08-23 21:50:03.000000000,2018-08-23 21:51:23.000000000,2018-08-23 21:51:23.000000000,closed,True
1307,2018-09-02 18:43:21.000000000,2018-09-04 22:27:18.000000000,2018-09-04 22:27:18.000000000,closed,True
1314,2018-09-10 14:12:07.000000000,2018-09-10 20:24:37.000000000,2018-09-10 20:24:37.000000000,closed,True
1315,2018-09-10 19:27:09.000000000,2018-09-14 09:28:39.000000000,2018-09-14 09:28:39.000000000,closed,True
1316,2018-09-10 19:57:47.000000000,2018-09-10 22:18:32.000000000,2018-09-10 22:18:32.000000000,closed,True
1321,2018-09-13 18:18:31.000000000,2018-11-18 19:37:26.000000000,2018-11-18 19:37:26.000000000,closed,True
1324,2018-09-14 18:49:26.000000000,2018-09-21 18:32:48.000000000,1970-01-01 00:00:00.000000001,closed,False
1326,2018-09-15 01:42:35.000000000,2018-11-18 18:55:23.000000000,2018-11-18 18:55:23.000000000,closed,True
1330,2018-09-19 16:29:31.000000000,2018-09-20 02:01:31.000000000,2018-09-20 02:01:31.000000000,closed,True
1355,2018-10-23 00:00:09.000000000,2018-11-25 19:02:28.000000000,2018-11-25 19:02:28.000000000,closed,True
1368,2018-11-14 07:01:51.000000000,2018-11-29 00:17:44.000000000,1970-01-01 00:00:00.000000001,closed,False
1371,2018-11-18 20:08:53.000000000,2018-11-18 22:07:11.000000000,2018-11-18 22:07:11.000000000,closed,True
1376,2018-11-25 02:23:16.000000000,2018-12-03 23:10:28.000000000,1970-01-01 00:00:00.000000001,closed,False
1378,2018-11-25 18:59:53.000000000,2018-11-25 19:01:39.000000000,2018-11-25 19:01:39.000000000,closed,True
1380,2018-11-28 10:29:24.000000000,2019-01-04 03:50:55.000000000,2019-01-04 03:50:55.000000000,closed,True
1382,2018-11-28 23:56:52.000000000,2018-11-29 00:03:17.000000000,2018-11-29 00:03:17.000000000,closed,True
1387,2018-12-04 02:22:34.000000000,2018-12-04 14:55:23.000000000,2018-12-04 14:55:23.000000000,closed,True
1393,2018-12-06 18:01:32.000000000,2018-12-06 18:04:53.000000000,2018-12-06 18:04:53.000000000,closed,True
1394,2018-12-07 20:16:00.000000000,2019-03-29 19:04:01.000000000,2019-03-29 19:04:01.000000000,closed,True
1405,2018-12-21 23:15:20.000000000,2018-12-21 23:20:46.000000000,2018-12-21 23:20:46.000000000,closed,True
1418,2019-01-04 20:43:23.000000000,2019-01-06 23:23:46.000000000,2019-01-06 23:23:46.000000000,closed,True
1419,2019-01-05 03:02:10.000000000,2019-01-20 04:24:08.000000000,2019-01-20 04:24:08.000000000,closed,True
1422,2019-01-06 19:43:52.000000000,2020-05-15 17:09:30.000000000,1970-01-01 00:00:00.000000001,closed,False
1425,2019-01-06 22:18:54.000000000,2019-01-06 22:57:14.000000000,2019-01-06 22:57:13.000000000,closed,True
1427,2019-01-07 01:11:44.000000000,2019-01-11 03:49:30.000000000,1970-01-01 00:00:00.000000001,closed,False
1429,2019-01-07 12:08:07.000000000,2019-03-10 04:32:10.000000000,2019-03-10 04:32:10.000000000,closed,True
1433,2019-01-08 11:10:41.000000000,2019-02-06 05:15:14.000000000,2019-02-06 05:15:14.000000000,closed,True
1434,2019-01-08 17:29:14.000000000,2019-03-28 04:08:52.000000000,1970-01-01 00:00:00.000000001,closed,False
1435,2019-01-08 17:52:53.000000000,2019-01-09 14:38:04.000000000,2019-01-09 14:38:04.000000000,closed,True
1436,2019-01-08 19:51:42.000000000,2019-01-28 04:20:08.000000000,1970-01-01 00:00:00.000000001,closed,False
1437,2019-01-08 23:40:23.000000000,2019-06-15 17:02:11.000000000,2019-06-15 17:02:11.000000000,closed,True
1438,2019-01-10 20:52:52.000000000,2019-11-04 03:20:16.000000000,2019-11-04 03:20:16.000000000,closed,True
1439,2019-01-11 03:56:12.000000000,2019-01-19 20:48:44.000000000,2019-01-19 20:48:44.000000000,closed,True
1448,2019-01-15 05:29:08.000000000,2019-01-26 15:35:15.000000000,1970-01-01 00:00:00.000000001,closed,False
1451,2019-01-16 12:14:33.000000000,2019-01-18 02:42:28.000000000,2019-01-18 02:42:28.000000000,closed,True
1462,2019-01-24 16:24:02.000000000,2019-06-10 10:01:07.000000000,2019-06-10 10:01:07.000000000,closed,True
1465,2019-01-28 00:12:26.000000000,2019-01-28 00:30:52.000000000,1970-01-01 00:00:00.000000001,closed,False
1480,2019-02-05 21:43:57.000000000,2019-02-05 21:49:25.000000000,1970-01-01 00:00:00.000000001,closed,False
1485,2019-02-14 19:33:35.000000000,2019-03-28 04:02:08.000000000,1970-01-01 00:00:00.000000001,closed,False
1498,2019-02-26 18:08:35.000000000,2019-04-01 07:41:08.000000000,2019-04-01 07:41:08.000000000,closed,True
1504,2019-03-03 13:10:10.000000000,2019-03-28 04:38:17.000000000,2019-03-28 04:38:17.000000000,closed,True
1505,2019-03-03 16:05:37.000000000,2019-05-29 09:06:38.000000000,2019-05-29 09:06:38.000000000,closed,True
1511,2019-03-15 19:24:29.000000000,2019-03-28 07:17:15.000000000,2019-03-28 07:17:15.000000000,closed,True
1514,2019-03-18 09:20:34.000000000,2019-03-28 07:18:58.000000000,2019-03-28 07:18:58.000000000,closed,True
1515,2019-03-18 18:21:00.000000000,2019-03-28 04:22:43.000000000,2019-03-28 04:22:43.000000000,closed,True
1517,2019-03-20 09:29:51.000000000,2019-03-28 04:24:42.000000000,2019-03-28 04:24:41.000000000,closed,True
1518,2019-03-20 09:39:49.000000000,2019-03-28 04:11:21.000000000,2019-03-28 04:11:21.000000000,closed,True
1519,2019-03-20 09:48:07.000000000,2019-03-28 04:25:30.000000000,2019-03-28 04:25:30.000000000,closed,True
1520,2019-03-20 09:50:29.000000000,2019-03-28 04:26:33.000000000,2019-03-28 04:26:33.000000000,closed,True
1521,2019-03-20 09:54:39.000000000,2019-03-28 04:27:22.000000000,2019-03-28 04:27:22.000000000,closed,True
1522,2019-03-20 09:57:58.000000000,2019-03-28 04:23:26.000000000,2019-03-28 04:23:26.000000000,closed,True
1525,2019-03-24 13:35:19.000000000,2019-06-14 19:18:53.000000000,1970-01-01 00:00:00.000000001,closed,False
1532,2019-04-03 19:22:58.000000000,2019-06-14 19:54:19.000000000,2019-06-14 19:54:19.000000000,closed,True
1533,2019-04-03 20:55:10.000000000,2019-06-14 20:14:41.000000000,2019-06-14 20:14:41.000000000,closed,True
1534,2019-04-08 12:03:24.000000000,2019-05-05 16:21:43.000000000,2019-05-05 16:21:43.000000000,closed,True
1536,2019-04-12 21:06:47.000000000,2019-04-12 21:51:25.000000000,2019-04-12 21:51:25.000000000,closed,True
1542,2019-04-15 11:40:16.000000000,2019-05-25 11:34:02.000000000,2019-05-25 11:34:02.000000000,closed,True
1544,2019-04-19 10:57:22.000000000,2020-02-06 00:18:11.000000000,1970-01-01 00:00:00.000000001,closed,False
1545,2019-04-19 12:57:36.000000000,2019-04-19 14:25:11.000000000,1970-01-01 00:00:00.000000001,closed,False
1546,2019-04-19 17:13:16.000000000,2019-04-20 22:51:35.000000000,1970-01-01 00:00:00.000000001,closed,False
1565,2019-05-13 22:48:27.000000000,2019-05-14 02:10:44.000000000,2019-05-14 02:10:44.000000000,closed,True
1568,2019-05-20 12:07:17.000000000,2019-05-29 09:01:27.000000000,2019-05-29 09:01:27.000000000,closed,True
1569,2019-05-20 12:44:36.000000000,2019-05-25 20:45:34.000000000,2019-05-25 20:45:34.000000000,closed,True
1573,2019-05-27 00:02:49.000000000,2019-05-27 00:03:59.000000000,2019-05-27 00:03:59.000000000,closed,True
1578,2019-05-29 10:35:24.000000000,2019-06-14 18:03:20.000000000,2019-06-14 18:03:20.000000000,closed,True
1582,2019-06-02 15:52:14.000000000,2019-06-02 17:14:40.000000000,2019-06-02 17:14:40.000000000,closed,True
1583,2019-06-09 08:56:55.000000000,2019-06-10 15:32:43.000000000,2019-06-10 15:32:43.000000000,closed,True
1586,2019-06-13 07:37:55.000000000,2019-06-14 20:26:32.000000000,2019-06-14 20:26:32.000000000,closed,True
1588,2019-06-14 21:07:59.000000000,2020-02-27 09:34:32.000000000,2020-02-27 09:34:32.000000000,closed,True
1589,2019-06-15 18:31:57.000000000,2019-06-15 20:30:19.000000000,2019-06-15 20:30:19.000000000,closed,True
1590,2019-06-15 20:16:31.000000000,2019-06-15 20:59:02.000000000,1970-01-01 00:00:00.000000001,closed,False
1591,2019-06-15 22:41:53.000000000,2019-10-13 19:50:58.000000000,2019-10-13 19:50:58.000000000,closed,True
1592,2019-06-16 03:40:45.000000000,2019-06-23 19:04:57.000000000,2019-06-23 19:04:56.000000000,closed,True
1607,2019-07-04 09:56:44.000000000,2019-07-22 18:29:23.000000000,2019-07-22 18:29:23.000000000,closed,True
1615,2019-07-15 04:36:54.000000000,2019-07-28 17:21:43.000000000,2019-07-28 17:21:43.000000000,closed,True
1616,2019-07-15 11:40:40.000000000,2019-08-11 20:26:51.000000000,1970-01-01 00:00:00.000000001,closed,False
1643,2019-08-19 19:35:19.000000000,2019-10-13 19:27:38.000000000,2019-10-13 19:27:38.000000000,closed,True
1645,2019-08-22 22:23:30.000000000,2019-08-22 22:41:42.000000000,2019-08-22 22:41:42.000000000,closed,True
1661,2019-09-09 08:23:14.000000000,2019-09-09 08:41:36.000000000,2019-09-09 08:41:35.000000000,closed,True
1671,2019-09-14 15:55:56.000000000,2019-11-16 11:28:26.000000000,2019-11-16 11:28:26.000000000,closed,True
1698,2019-10-21 05:49:11.000000000,2019-10-21 06:35:31.000000000,2019-10-21 06:35:31.000000000,closed,True
1702,2019-10-21 23:35:00.000000000,2019-12-03 21:58:33.000000000,2019-12-03 21:58:33.000000000,closed,True
1704,2019-10-26 21:40:44.000000000,2019-10-26 21:45:17.000000000,2019-10-26 21:45:17.000000000,closed,True
1705,2019-10-27 14:21:35.000000000,2019-10-29 19:37:28.000000000,2019-10-29 19:37:28.000000000,closed,True
1707,2019-10-30 11:05:05.000000000,2020-03-02 12:42:07.000000000,1970-01-01 00:00:00.000000001,closed,False
1715,2019-11-03 23:57:58.000000000,2019-11-04 00:12:49.000000000,2019-11-04 00:12:49.000000000,closed,True
1725,2019-11-11 01:51:48.000000000,2019-11-23 14:27:15.000000000,2019-11-23 14:27:15.000000000,closed,True
1731,2019-11-14 06:08:08.000000000,2019-11-15 00:31:12.000000000,2019-11-15 00:31:12.000000000,closed,True
1739,2019-11-16 19:17:27.000000000,2019-12-15 16:47:21.000000000,2019-12-15 16:47:21.000000000,closed,True
1744,2019-11-28 10:32:35.000000000,2019-12-07 05:44:33.000000000,2019-12-07 05:44:33.000000000,closed,True
1753,2019-12-09 14:41:07.000000000,2019-12-09 15:01:03.000000000,2019-12-09 15:01:02.000000000,closed,True
1754,2019-12-11 09:09:26.000000000,2019-12-13 18:40:42.000000000,2019-12-13 18:40:42.000000000,closed,True
1755,2019-12-11 17:06:50.000000000,2019-12-12 08:56:48.000000000,2019-12-12 08:56:47.000000000,closed,True
1758,2019-12-14 20:49:09.000000000,2019-12-14 20:50:12.000000000,2019-12-14 20:50:12.000000000,closed,True
1762,2019-12-17 07:46:44.000000000,2020-01-12 02:32:55.000000000,2020-01-12 02:32:55.000000000,closed,True
1765,2019-12-19 10:29:17.000000000,2019-12-22 22:09:39.000000000,2019-12-22 22:09:39.000000000,closed,True
1770,2019-12-26 22:37:04.000000000,2020-02-08 00:58:35.000000000,1970-01-01 00:00:00.000000001,closed,False
1775,2019-12-30 02:25:19.000000000,2019-12-31 20:37:58.000000000,2019-12-31 20:37:58.000000000,closed,True
1786,2020-01-11 20:21:46.000000000,2020-01-13 01:00:35.000000000,2020-01-13 01:00:35.000000000,closed,True
1801,2020-01-18 23:29:41.000000000,2020-02-18 21:31:49.000000000,2020-02-18 21:31:49.000000000,closed,True
1816,2020-01-26 23:47:49.000000000,2020-01-26 23:56:55.000000000,2020-01-26 23:56:55.000000000,closed,True
1830,2020-02-02 14:45:12.000000000,1970-01-01 00:00:00.000000001,1970-01-01 00:00:00.000000001,open,False
1834,2020-02-04 00:59:11.000000000,2020-03-11 19:53:43.000000000,2020-03-11 19:53:43.000000000,closed,True
1839,2020-02-07 12:46:52.000000000,2020-02-08 00:45:14.000000000,2020-02-08 00:45:14.000000000,closed,True
1841,2020-02-09 18:27:42.000000000,2020-02-18 18:25:53.000000000,2020-02-18 18:25:53.000000000,closed,True
1843,2020-02-10 08:14:58.000000000,2020-02-10 23:23:58.000000000,1970-01-01 00:00:00.000000001,closed,False
1846,2020-02-14 20:51:40.000000000,2020-02-14 20:54:36.000000000,2020-02-14 20:54:36.000000000,closed,True
1847,2020-02-15 03:21:34.000000000,2020-02-15 20:21:33.000000000,1970-01-01 00:00:00.000000001,closed,False
1848,2020-02-15 20:19:18.000000000,2020-02-15 21:22:26.000000000,2020-02-15 21:22:26.000000000,closed,True
1850,2020-02-16 23:00:28.000000000,2020-02-16 23:05:57.000000000,2020-02-16 23:05:57.000000000,closed,True
1852,2020-02-18 03:45:33.000000000,2020-02-18 03:54:52.000000000,2020-02-18 03:54:52.000000000,closed,True
1853,2020-02-18 07:40:46.000000000,2020-02-18 18:18:38.000000000,2020-02-18 18:18:38.000000000,closed,True
1855,2020-02-19 05:59:57.000000000,2020-02-19 07:10:26.000000000,2020-02-19 07:10:26.000000000,closed,True
1857,2020-02-21 02:17:36.000000000,2020-02-21 02:59:21.000000000,2020-02-21 02:59:21.000000000,closed,True
1858,2020-02-21 17:36:07.000000000,2020-02-22 16:06:00.000000000,1970-01-01 00:00:00.000000001,closed,False
1859,2020-02-22 20:48:14.000000000,2020-02-22 20:53:57.000000000,2020-02-22 20:53:57.000000000,closed,True
1863,2020-02-25 22:14:28.000000000,2020-02-25 22:33:29.000000000,2020-02-25 22:33:29.000000000,closed,True
1865,2020-02-27 09:42:36.000000000,2020-02-28 04:41:08.000000000,2020-02-28 04:41:08.000000000,closed,True
1867,2020-03-01 02:08:44.000000000,2020-03-01 02:18:41.000000000,2020-03-01 02:18:41.000000000,closed,True
1868,2020-03-02 00:33:17.000000000,2020-03-02 01:18:25.000000000,2020-03-02 01:18:25.000000000,closed,True
1869,2020-03-02 12:25:17.000000000,2020-03-04 03:51:52.000000000,2020-03-04 03:51:52.000000000,closed,True
1876,2020-03-07 06:01:32.000000000,2020-03-10 04:35:16.000000000,1970-01-01 00:00:00.000000001,closed,False
1880,2020-03-13 08:44:24.000000000,2020-03-13 15:40:52.000000000,2020-03-13 15:40:52.000000000,closed,True
1881,2020-03-16 00:12:11.000000000,2020-03-16 00:12:36.000000000,2020-03-16 00:12:36.000000000,closed,True
1883,2020-03-18 06:09:42.000000000,2020-03-18 17:55:03.000000000,2020-03-18 17:55:03.000000000,closed,True
1884,2020-03-19 23:22:22.000000000,2020-03-21 19:53:31.000000000,2020-03-21 19:53:31.000000000,closed,True
1885,2020-03-20 03:46:31.000000000,2020-04-09 03:04:09.000000000,2020-04-09 03:04:09.000000000,closed,True
1898,2020-03-24 21:21:04.000000000,2020-03-24 21:40:19.000000000,2020-03-24 21:40:19.000000000,closed,True
1917,2020-04-09 02:47:00.000000000,2020-04-09 03:19:19.000000000,2020-04-09 03:19:19.000000000,closed,True
1918,2020-04-09 04:13:19.000000000,2020-04-09 04:41:51.000000000,2020-04-09 04:41:51.000000000,closed,True
1926,2020-04-13 13:18:52.000000000,2020-04-14 04:00:39.000000000,1970-01-01 00:00:00.000000001,closed,False
1940,2020-04-19 22:34:20.000000000,2020-04-19 22:38:46.000000000,2020-04-19 22:38:46.000000000,closed,True
1954,2020-04-27 23:45:09.000000000,2020-04-28 01:49:58.000000000,2020-04-28 01:49:58.000000000,closed,True
1969,2020-05-02 06:14:08.000000000,2020-05-03 00:30:59.000000000,2020-05-03 00:30:59.000000000,closed,True
1971,2020-05-02 18:57:09.000000000,2020-05-02 18:57:43.000000000,2020-05-02 18:57:43.000000000,closed,True
1976,2020-05-03 21:21:55.000000000,2020-05-03 21:22:02.000000000,2020-05-03 21:22:02.000000000,closed,True
1979,2020-05-04 18:58:46.000000000,2020-05-06 15:46:41.000000000,2020-05-06 15:46:41.000000000,closed,True
1980,2020-05-05 11:30:19.000000000,2020-05-20 03:54:15.000000000,2020-05-20 03:54:15.000000000,closed,True
1984,2020-05-06 15:48:15.000000000,2020-05-06 16:09:47.000000000,1970-01-01 00:00:00.000000001,closed,False
1986,2020-05-06 17:07:38.000000000,2020-05-06 17:39:52.000000000,2020-05-06 17:39:52.000000000,closed,True
1991,2020-05-09 21:48:06.000000000,2020-05-09 21:48:47.000000000,2020-05-09 21:48:47.000000000,closed,True
1999,2020-05-12 19:26:36.000000000,2020-06-17 04:01:35.000000000,2020-06-17 04:01:35.000000000,closed,True
2007,2020-05-15 03:18:26.000000000,2020-05-15 15:40:29.000000000,2020-05-15 15:40:28.000000000,closed,True
2008,2020-05-15 04:27:19.000000000,2020-05-15 04:29:03.000000000,2020-05-15 04:29:03.000000000,closed,True
2011,2020-05-16 07:00:23.000000000,2020-05-16 15:41:59.000000000,2020-05-16 15:41:59.000000000,closed,True
2017,2020-05-18 18:15:04.000000000,2020-05-18 19:58:30.000000000,2020-05-18 19:58:30.000000000,closed,True
2018,2020-05-18 21:17:06.000000000,2020-05-18 21:29:23.000000000,2020-05-18 21:29:23.000000000,closed,True
2019,2020-05-18 21:23:03.000000000,2020-05-18 22:11:19.000000000,2020-05-18 22:11:19.000000000,closed,True
2027,2020-05-20 05:34:43.000000000,2020-05-20 23:34:25.000000000,2020-05-20 23:34:25.000000000,closed,True
2028,2020-05-20 06:37:08.000000000,2020-05-21 08:45:03.000000000,2020-05-21 08:45:03.000000000,closed,True
2034,2020-05-21 19:43:29.000000000,2020-05-22 18:51:00.000000000,2020-05-22 18:51:00.000000000,closed,True
2037,2020-05-23 19:57:23.000000000,2020-05-23 21:57:25.000000000,2020-05-23 21:57:25.000000000,closed,True
2042,2020-05-25 00:19:54.000000000,2020-05-25 00:29:02.000000000,2020-05-25 00:29:02.000000000,closed,True
2044,2020-05-25 05:03:54.000000000,2020-05-25 21:54:36.000000000,2020-05-25 21:54:36.000000000,closed,True
2052,2020-05-26 17:38:15.000000000,2020-05-28 14:47:54.000000000,1970-01-01 00:00:00.000000001,closed,False
2066,2020-05-29 16:58:40.000000000,2020-05-30 02:03:44.000000000,1970-01-01 00:00:00.000000001,closed,False
2072,2020-05-30 19:12:55.000000000,2020-05-30 21:13:44.000000000,2020-05-30 21:13:44.000000000,closed,True
2089,2020-06-03 06:00:28.000000000,2020-06-03 17:22:10.000000000,2020-06-03 17:22:10.000000000,closed,True
2091,2020-06-03 18:12:23.000000000,2020-06-05 14:27:20.000000000,2020-06-05 14:27:20.000000000,closed,True
2092,2020-06-03 19:17:28.000000000,2020-06-03 19:17:42.000000000,1970-01-01 00:00:00.000000001,closed,False
2093,2020-06-04 04:06:44.000000000,2020-06-05 04:21:22.000000000,2020-06-05 04:21:22.000000000,closed,True
2096,2020-06-04 21:47:06.000000000,2020-06-05 01:06:08.000000000,2020-06-05 01:06:08.000000000,closed,True
2111,2020-06-08 06:32:36.000000000,2020-06-08 18:19:15.000000000,2020-06-08 18:19:15.000000000,closed,True
2136,2020-06-15 08:38:29.000000000,2020-06-26 02:08:59.000000000,2020-06-26 02:08:59.000000000,closed,True
2155,2020-06-20 20:23:35.000000000,2020-06-20 20:28:24.000000000,2020-06-20 20:28:24.000000000,closed,True
2164,2020-06-23 00:00:20.000000000,2020-06-23 20:55:38.000000000,2020-06-23 20:55:38.000000000,closed,True
2166,2020-06-23 06:04:10.000000000,2020-06-26 05:56:28.000000000,2020-06-26 05:56:27.000000000,closed,True
2173,2020-06-27 05:11:00.000000000,2020-06-28 18:04:17.000000000,2020-06-28 18:04:17.000000000,closed,True
2174,2020-06-27 16:25:03.000000000,2020-06-28 21:29:50.000000000,2020-06-28 21:29:50.000000000,closed,True
2177,2020-06-29 01:46:38.000000000,2020-06-29 18:00:06.000000000,2020-06-29 18:00:06.000000000,closed,True
2178,2020-06-29 09:12:37.000000000,2020-06-30 05:02:18.000000000,2020-06-30 05:02:18.000000000,closed,True
2179,2020-06-29 13:46:19.000000000,2020-06-29 18:01:34.000000000,2020-06-29 18:01:34.000000000,closed,True
2180,2020-06-30 11:48:26.000000000,1970-01-01 00:00:00.000000001,1970-01-01 00:00:00.000000001,open,False
2183,2020-06-30 23:43:34.000000000,2020-07-01 01:16:54.000000000,2020-07-01 01:16:54.000000000,closed,True
2187,2020-07-02 01:44:32.000000000,2020-07-02 17:35:16.000000000,2020-07-02 17:35:16.000000000,closed,True
2190,2020-07-02 16:25:17.000000000,2020-07-03 19:46:00.000000000,2020-07-03 19:46:00.000000000,closed,True
2193,2020-07-03 21:48:52.000000000,2020-07-05 20:21:01.000000000,2020-07-05 20:21:01.000000000,closed,True
2197,2020-07-05 03:49:39.000000000,2020-07-05 18:48:46.000000000,2020-07-05 18:48:46.000000000,closed,True
2202,2020-07-06 00:42:25.000000000,2020-07-06 01:29:06.000000000,2020-07-06 01:29:06.000000000,closed,True
2204,2020-07-06 21:48:35.000000000,2020-07-07 16:50:24.000000000,2020-07-07 16:50:24.000000000,closed,True
2205,2020-07-07 00:49:12.000000000,2020-07-07 00:51:28.000000000,1970-01-01 00:00:00.000000001,closed,False
2206,2020-07-07 01:06:12.000000000,2020-07-07 01:24:05.000000000,2020-07-07 01:24:05.000000000,closed,True
2209,2020-07-07 15:12:48.000000000,2020-07-08 01:48:13.000000000,2020-07-08 01:48:12.000000000,closed,True
2210,2020-07-07 15:27:31.000000000,2020-07-07 20:36:43.000000000,2020-07-07 20:36:43.000000000,closed,True
2212,2020-07-07 23:04:37.000000000,1970-01-01 00:00:00.000000001,1970-01-01 00:00:00.000000001,open,False
2213,2020-07-07 23:06:11.000000000,2020-07-08 00:09:42.000000000,2020-07-08 00:09:42.000000000,closed,True
2220,2020-07-10 15:23:31.000000000,2020-07-12 02:19:22.000000000,1970-01-01 00:00:00.000000001,closed,False
2221,2020-07-10 17:27:14.000000000,1970-01-01 00:00:00.000000001,1970-01-01 00:00:00.000000001,open,False
2223,2020-07-11 19:24:20.000000000,2020-07-11 21:35:10.000000000,2020-07-11 21:35:10.000000000,closed,True
2227,2020-07-12 19:59:00.000000000,2020-07-12 20:12:55.000000000,1970-01-01 00:00:00.000000001,closed,False
2228,2020-07-12 20:22:46.000000000,2020-07-12 20:59:11.000000000,1970-01-01 00:00:00.000000001,closed,False
2237,2020-07-19 15:41:46.000000000,2020-08-03 07:11:30.000000000,2020-08-03 07:11:30.000000000,closed,True
2242,2020-07-20 03:38:04.000000000,2020-07-24 19:18:16.000000000,2020-07-24 19:18:16.000000000,closed,True
2248,2020-07-22 01:44:43.000000000,2020-07-23 00:13:20.000000000,2020-07-23 00:13:20.000000000,closed,True
2256,2020-07-29 03:16:48.000000000,1970-01-01 00:00:00.000000001,1970-01-01 00:00:00.000000001,open,False
2263,2020-07-31 21:46:34.000000000,2020-08-01 15:03:30.000000000,2020-08-01 15:03:30.000000000,closed,True
2266,2020-08-03 20:15:34.000000000,2020-08-04 00:43:16.000000000,2020-08-04 00:43:16.000000000,closed,True
2267,2020-08-03 23:01:02.000000000,1970-01-01 00:00:00.000000001,1970-01-01 00:00:00.000000001,open,False
2268,2020-08-04 00:51:55.000000000,2020-08-11 02:23:31.000000000,2020-08-11 02:23:30.000000000,closed,True
2270,2020-08-04 07:21:08.000000000,2020-08-30 20:46:00.000000000,2020-08-30 20:46:00.000000000,closed,True
2274,2020-08-06 03:05:39.000000000,2020-08-06 05:39:16.000000000,2020-08-06 05:39:16.000000000,closed,True
2277,2020-08-07 06:47:16.000000000,2020-08-08 05:48:37.000000000,2020-08-08 05:48:37.000000000,closed,True
2282,2020-08-10 17:52:53.000000000,2020-08-10 18:59:24.000000000,2020-08-10 18:59:24.000000000,closed,True
2286,2020-08-11 19:49:51.000000000,2020-08-11 21:53:28.000000000,2020-08-11 21:53:28.000000000,closed,True
2290,2020-08-12 20:13:10.000000000,1970-01-01 00:00:00.000000001,1970-01-01 00:00:00.000000001,open,False
2291,2020-08-12 20:51:25.000000000,2020-08-14 20:00:57.000000000,2020-08-14 20:00:57.000000000,closed,True
2299,2020-08-14 01:15:10.000000000,1970-01-01 00:00:00.000000001,1970-01-01 00:00:00.000000001,open,False
2305,2020-08-14 19:48:08.000000000,2020-08-14 19:49:07.000000000,2020-08-14 19:49:06.000000000,closed,True
2307,2020-08-15 21:12:46.000000000,2020-08-15 21:20:27.000000000,2020-08-15 21:20:27.000000000,closed,True
2311,2020-08-16 22:50:04.000000000,2020-08-29 22:38:02.000000000,2020-08-29 22:38:02.000000000,closed,True
2317,2020-08-20 01:05:24.000000000,2020-08-21 21:14:51.000000000,2020-08-21 21:14:51.000000000,closed,True
2321,2020-08-23 04:07:07.000000000,2020-08-24 02:12:34.000000000,2020-08-24 02:12:34.000000000,closed,True
2330,2020-08-24 23:38:34.000000000,2020-08-24 23:52:50.000000000,2020-08-24 23:52:50.000000000,closed,True
2331,2020-08-25 00:56:01.000000000,2020-08-29 22:29:13.000000000,2020-08-29 22:29:13.000000000,closed,True
2333,2020-08-25 03:06:10.000000000,2020-08-25 04:36:01.000000000,1970-01-01 00:00:00.000000001,closed,False
2334,2020-08-25 04:35:20.000000000,2020-08-29 22:39:49.000000000,2020-08-29 22:39:48.000000000,closed,True
2335,2020-08-25 07:28:26.000000000,1970-01-01 00:00:00.000000001,1970-01-01 00:00:00.000000001,open,False
2337,2020-08-25 08:18:31.000000000,2020-08-29 22:33:14.000000000,2020-08-29 22:33:14.000000000,closed,True
2339,2020-08-26 17:08:10.000000000,2020-08-26 17:18:24.000000000,2020-08-26 17:18:24.000000000,closed,True
2340,2020-08-27 21:19:59.000000000,2020-08-27 22:58:20.000000000,2020-08-27 22:58:20.000000000,closed,True
2342,2020-08-28 19:52:42.000000000,2020-08-30 01:19:37.000000000,2020-08-30 01:19:37.000000000,closed,True
2359,2020-08-31 15:13:19.000000000,1970-01-01 00:00:00.000000001,1970-01-01 00:00:00.000000001,open,False
