starred_at,user_id
2016-04-13 00:54:26,druwynings
2016-04-15 19:38:28,cmerrick
2016-04-26 01:39:42,henryhund
2016-05-02 17:14:26,aogletree
2016-05-15 19:41:00,winbyb
2016-05-17 03:24:53,eug
2016-07-20 17:54:25,yalisassoon
2016-07-24 20:07:22,brynary
2016-07-28 03:18:54,jthandy
2016-08-01 21:56:18,DanielLeith
2016-08-01 23:33:34,JCPistell
2016-08-03 08:38:13,jean
2016-08-04 11:28:17,saharshoza
2016-08-04 16:55:08,alexanderdean
2016-08-11 00:08:48,smhmic
2016-08-30 03:37:32,ben-dearmond
2016-09-07 10:54:43,michaelhood
2016-09-08 22:23:36,JMensch
2016-09-18 04:14:41,NataliaDiaz
2016-09-25 17:34:03,jgooly
2016-09-25 20:36:30,NakhG
2016-10-01 06:00:18,cszy
2016-10-10 07:26:48,harmy
2016-10-13 01:10:26,brettguenther
2016-10-13 19:30:02,Nkuzmick
2016-10-19 23:49:47,markkohdev
2016-10-20 00:48:27,MandaBrown
2016-10-20 16:48:51,menetrier
2016-10-21 01:52:00,kylelundstedt
2016-10-22 11:01:03,hvo986
2016-11-02 00:33:30,kalyanlanka
2016-11-04 02:41:46,max-sixty
2016-11-10 18:14:01,tspannhw
2016-11-13 12:46:37,friendofasquid
2016-12-29 23:51:40,nikolay
2016-12-30 00:41:42,jcampbell05
2016-12-30 01:17:33,tylerw
2017-01-03 13:22:02,sbusch
2017-01-13 23:22:45,jimbriam
2017-01-19 01:23:05,yaksha13
2017-01-27 00:02:27,ahane
2017-01-28 00:35:18,devnatash
2017-02-06 04:30:04,wmorin
2017-02-07 20:43:49,sinter-demo
2017-02-15 06:22:58,sgarbonzo
2017-02-16 20:22:58,eogilvy12
2017-02-18 03:36:06,colstrom
2017-02-18 11:59:18,reduxionist
2017-03-05 14:59:23,SebVentures
2017-03-20 23:42:55,hobofan
2017-03-21 18:18:54,mdagost
2017-03-21 19:25:59,pedromachados
2017-03-25 18:36:12,Hackathorn
2017-03-26 09:43:24,datamason
2017-03-27 19:39:04,yiwang
2017-04-01 01:08:08,boristyukin
2017-04-04 02:12:56,lukechen526
2017-04-04 17:28:52,wordmuncher
2017-04-05 01:48:07,mrtimp
2017-04-06 13:38:15,timkofu
2017-04-10 19:32:33,dfiorino
2017-04-10 20:49:58,hydrosquall
2017-04-12 16:45:25,adamhaney
2017-04-14 16:10:21,elastadmin
2017-05-02 13:38:11,alexrigler
2017-05-03 08:15:00,kartheek-boodida-E1051
2017-05-05 16:33:41,enezhadian
2017-05-05 21:53:07,ryanmcdonnell
2017-05-11 19:39:54,ilovejs
2017-05-19 10:05:43,andyalky
2017-05-19 22:24:14,RexGibson
2017-06-15 04:30:34,paulrosenzweig
2017-07-03 23:39:24,bill-palombi
2017-07-04 21:44:09,tanken
2017-07-06 17:49:00,michaelblanche
2017-07-10 16:19:27,zirmite
2017-07-11 05:16:03,jayzes
2017-07-11 08:59:24,morenoh149
2017-07-14 16:55:02,rossbrg
2017-07-17 21:09:26,HarlanH
2017-07-18 02:02:39,molotovbliss
2017-07-18 11:27:54,nesterone
2017-07-19 00:38:18,nickhamlin
2017-07-25 22:18:16,akarve
2017-07-26 10:56:39,tc-ying
2017-07-26 19:07:58,sethkramer1
2017-07-26 22:03:54,majksner
2017-07-26 23:39:48,dalberto
2017-07-27 18:55:07,emctoo
2017-08-02 01:37:10,thalesmello
2017-08-19 15:46:21,andehen
2017-08-23 18:17:34,jeffsloan
2017-08-24 03:28:01,heyneff
2017-08-24 21:02:08,dwallace0723
2017-08-25 20:35:15,wetherc
2017-08-28 21:26:44,jonathan-eckel
2017-08-30 21:52:21,luck02
2017-08-31 07:17:38,abcm1989
2017-09-01 01:01:04,marksimi
2017-09-13 21:04:53,kaushikreddy
2017-09-13 22:18:20,davelnewton
2017-09-15 02:06:03,besquared
2017-09-22 18:36:57,abelsonlive
2017-09-27 19:23:53,riordan
2017-09-30 04:39:08,teej-minted
2017-10-05 14:55:34,DanielJamieson
2017-10-10 09:46:10,elliotchance
2017-10-10 13:56:15,peeyush-tm
2017-10-12 19:24:56,ChrisSki
2017-10-15 15:43:45,hporter
2017-10-17 01:21:23,rtheman
2017-10-17 07:00:22,niparis
2017-10-18 06:03:13,tdr130
2017-10-18 06:21:24,lb-
2017-10-18 13:10:32,mgilbir
2017-10-18 15:58:57,mwarkentin
2017-10-19 04:33:33,heiye007
2017-10-19 18:32:44,spinx
2017-10-22 16:17:37,germangh
2017-10-22 18:20:30,ShuaiW
2017-10-23 17:59:13,JoeNaso
2017-10-23 18:35:47,victorpoluceno
2017-10-24 10:09:15,randName
2017-10-24 20:46:39,haylo75
2017-10-24 22:27:12,badgley
2017-10-26 00:43:45,mikeghen
2017-10-29 18:15:10,mturzanska
2017-10-30 16:32:01,floresfdev
2017-11-01 23:54:49,zachwinkler
2017-11-03 07:00:54,ebunt
2017-11-06 09:54:09,jcdcodes
2017-11-13 22:16:02,ericalouie
2017-11-16 12:07:36,mrtns
2017-11-17 03:01:18,ramziyassine
2017-11-18 02:05:52,nmwari
2017-11-30 04:12:51,dy2288
2017-12-01 20:27:24,ThomasLaPiana
2017-12-02 02:17:52,dkrevitt
2017-12-11 13:24:06,xmpx000
2017-12-11 20:16:25,mdkarp
2017-12-12 02:32:53,timothyburke
2017-12-12 23:29:24,talegari
2017-12-14 07:02:09,c-p-d
2017-12-16 02:15:27,rbflood
2017-12-16 03:32:03,daralthus
2017-12-17 20:57:02,manugarri
2017-12-17 21:39:04,zeyaddeeb
2017-12-18 13:53:11,rccclr
2017-12-18 22:46:22,Arqu
2017-12-19 06:00:47,DeucePie
2017-12-22 00:23:11,jasperdcbe
2017-12-22 05:17:40,jordan8037310
2017-12-23 01:08:12,bjorskog
2018-01-06 21:27:01,iadrich
2018-01-16 19:17:51,jtcohen6
2018-01-18 06:27:00,tifftalk
2018-01-22 11:04:30,sasikiran
2018-01-22 17:47:27,PowdyPowPow
2018-01-23 01:10:23,mmautner
2018-01-29 06:45:17,henkisdabro
2018-01-31 06:36:08,filipeoliveiraa
2018-02-01 02:53:18,n8sty
2018-02-03 03:59:58,melvinev
2018-02-06 00:29:18,fmarani
2018-02-07 20:07:48,pavel-popov
2018-02-07 20:38:51,akmohr
2018-02-08 13:16:46,nicor88
2018-02-08 18:16:55,t1ag0
2018-02-11 15:23:20,yejianye
2018-02-22 20:24:48,bmcgonigle
2018-03-01 01:01:36,swiftsam
2018-03-02 20:51:49,borisuvarov
2018-03-06 04:41:22,nielssorensen
2018-03-10 14:56:45,burkostya
2018-03-11 06:06:01,ridhoq
2018-03-11 21:34:25,rocel
2018-03-12 08:59:16,dudleycarr
2018-03-14 19:58:30,wiredmax
2018-03-17 08:12:26,psuanm5030
2018-03-21 18:04:32,xmarcos
2018-03-21 19:18:25,dakebl
2018-03-22 03:39:46,mdmartinez
2018-03-23 18:21:56,ezraw
2018-03-28 18:49:20,italocomini
2018-04-04 17:31:03,ianflorian
2018-04-06 10:51:03,izdi
2018-04-06 17:48:06,pankaj-cliq
2018-04-08 10:26:08,zaitrarrio
2018-04-09 18:24:41,m-01101101
2018-04-09 20:56:12,BenjaminDavison
2018-04-09 20:56:25,jgillies
2018-04-09 22:59:55,amberjrivera
2018-04-10 15:19:06,Sammwich
2018-04-10 21:25:35,bvancil
2018-04-10 22:19:06,grue
2018-04-11 06:07:05,zerovar
2018-04-12 00:55:00,martinmelin
2018-04-15 02:55:13,javiplav
2018-04-17 00:15:49,mpcarter
2018-04-17 01:38:30,tulioz
2018-04-24 05:33:22,yanivyalda
2018-04-25 15:18:47,wicz
2018-04-26 08:04:09,d3ad-pix3l
2018-04-29 13:30:51,EvgeneOskin
2018-04-29 23:05:46,catdva
2018-04-30 15:24:46,foundinblank
2018-05-01 23:30:04,tjengel
2018-05-02 18:40:24,lukevers
2018-05-02 21:44:15,jdanbrown
2018-05-04 01:41:50,Bellardia
2018-05-04 03:11:23,schrockn
2018-05-04 05:09:26,awm33
2018-05-07 02:14:18,seanpowell
2018-05-08 06:39:25,nydnarb
2018-05-08 20:57:03,srfrog
2018-05-11 05:06:18,alevashov
2018-05-12 21:47:10,brixen
2018-05-13 06:01:30,Doppp
2018-05-14 17:24:43,chasewright
2018-05-18 02:09:30,bmayer99
2018-05-19 03:10:17,kamelkev
2018-05-20 15:01:50,josephjorgensen
2018-05-22 04:21:07,nickwork
2018-05-22 17:38:58,johnnybridges
2018-05-23 00:06:52,ryan-tangocard
2018-05-23 03:40:43,blakemartin
2018-05-24 03:45:00,mdzhang
2018-05-24 22:28:57,olivierdupuis
2018-05-27 06:59:36,cheevahagadog
2018-05-28 16:15:47,alaa
2018-05-28 19:05:07,khanhhuy
2018-05-31 19:55:54,improbable-benfischer
2018-06-05 03:38:37,traytonwhite
2018-06-07 17:28:14,ianozsvald
2018-06-07 17:52:20,johnowennixon
2018-06-07 21:43:38,jianyuan
2018-06-11 19:46:04,matt-west
2018-06-20 04:29:47,jacksonjohnson
2018-06-20 13:03:26,nishant14
2018-06-26 22:49:13,obzidi4n
2018-06-26 23:39:26,Noripavan
2018-06-28 04:34:51,jasonmorganson
2018-07-05 16:48:24,teodimache
2018-07-05 21:59:46,luipillm
2018-07-07 02:21:43,dawu76
2018-07-07 17:35:30,pintergreg
2018-07-07 17:55:48,qiulin
2018-07-08 00:31:18,pybokeh
2018-07-09 21:26:39,guillaumewibaux
2018-07-13 01:09:17,carlyfk
2018-07-13 14:01:44,sdurry
2018-07-15 06:49:42,lpillmann
2018-07-17 22:56:34,bpo
2018-07-19 00:53:28,kstarsinic
2018-07-19 03:25:58,csrsen
2018-07-19 09:43:58,smeddles
2018-07-20 04:35:38,JordanChoo
2018-07-23 10:30:32,danielzohar
2018-07-24 16:56:17,xTRiM
2018-07-25 21:40:07,btelle
2018-07-26 19:56:45,tromika
2018-07-27 02:31:19,ihales-lucid
2018-07-27 16:14:13,ablekh
2018-07-29 01:14:33,meloxl
2018-07-31 02:51:13,abhikalakuntla
2018-08-01 05:52:07,Microsheep
2018-08-01 20:43:33,rcclerigo
2018-08-02 02:45:13,mlapointe
2018-08-02 03:03:27,gkze
2018-08-02 04:01:34,fuath
2018-08-02 04:41:18,leebrian
2018-08-02 05:33:44,buremba
2018-08-02 05:54:24,samvj
2018-08-02 06:11:51,davidmarble
2018-08-02 06:36:53,mahmoudimus
2018-08-02 06:46:54,flarco
2018-08-02 07:15:42,ineentho
2018-08-02 07:18:48,mbyczkowski
2018-08-02 07:30:38,orakle
2018-08-02 07:34:58,Bramanga
2018-08-02 08:30:54,denji
2018-08-02 09:16:10,gauravssnl
2018-08-02 09:38:42,jeduden
2018-08-02 10:14:00,chrisboulton
2018-08-02 10:44:25,cbx
2018-08-02 10:46:23,ClaySheffler
2018-08-02 11:29:52,lefs
2018-08-02 11:42:55,SiggyF
2018-08-02 11:43:14,xrmx
2018-08-02 12:44:11,klaapbakken
2018-08-02 12:54:57,lovincyrus
2018-08-02 13:20:20,ah-
2018-08-02 14:30:56,buren
2018-08-02 15:57:54,Myuzu
2018-08-02 16:51:47,wub
2018-08-02 18:24:13,JonasDann
2018-08-02 18:48:27,mcrascal
2018-08-02 19:05:54,erick-hollenbaugh
2018-08-02 19:17:09,vitasiku
2018-08-02 20:57:51,jchapm
2018-08-02 21:03:05,vladsanchez
2018-08-02 21:50:21,abhashkumar
2018-08-02 22:41:22,javiz
2018-08-03 00:04:39,manikantanr
2018-08-03 00:10:21,varlen
2018-08-03 02:24:41,fly51fly
2018-08-03 02:44:52,natea
2018-08-03 05:03:35,neibla
2018-08-03 06:01:05,gaoypChina
2018-08-03 14:59:06,1R053
2018-08-03 20:11:02,anjesh
2018-08-03 22:23:09,airesch
2018-08-06 01:08:02,stevemmarshall
2018-08-06 12:10:14,andreipopovici
2018-08-06 16:18:03,fernandosjp
2018-08-06 17:51:42,tyrnov
2018-08-06 20:15:48,SlamJam
2018-08-07 02:19:43,chrismeier
2018-08-07 05:23:21,leleu
2018-08-09 19:17:19,vnnw
2018-08-09 19:17:46,jgrosche
2018-08-09 19:29:49,sbworth
2018-08-09 20:30:38,rjusher
2018-08-09 21:22:54,etng
2018-08-09 23:35:11,evan-burke
2018-08-10 00:39:55,georgeyk
2018-08-10 01:39:33,dmpetrov
2018-08-10 05:14:58,BIHKMPS
2018-08-10 05:45:38,cshaley
2018-08-10 06:15:41,edersohe
2018-08-10 06:19:58,DongjunLee
2018-08-10 13:00:32,foxan
2018-08-10 18:12:55,stepankuzmin
2018-08-10 20:49:39,justinvw
2018-08-10 23:03:04,Vitzsch
2018-08-11 01:21:41,shedd
2018-08-11 01:54:05,lumberj
2018-08-11 08:42:04,seansummers
2018-08-11 16:40:20,majj
2018-08-11 20:58:23,zackgow
2018-08-11 21:44:52,tchigher
2018-08-13 14:02:48,bpiel
2018-08-13 16:37:19,mattarderne
2018-08-13 23:26:55,MagicSword
2018-08-14 05:48:21,victorquinn
2018-08-14 18:31:51,davidd2k
2018-08-16 15:28:57,jorinvo
2018-08-17 05:31:49,wukuan405
2018-08-17 15:59:42,nschlemm
2018-08-17 23:13:55,osanyin
2018-08-19 22:39:43,juan-m12i
2018-08-19 23:50:38,christophkreutzer
2018-08-21 05:36:08,BokilaLin
2018-08-21 05:38:10,joaorafaelm
2018-08-21 16:34:20,thbarron
2018-08-21 20:48:47,casegold
2018-08-22 04:41:11,martin308
2018-08-22 10:54:37,oshipper
2018-08-24 06:59:18,bryan-zake
2018-08-24 13:45:39,sokser
2018-08-24 14:32:45,svmakarovv
2018-08-24 22:04:15,herberthamaral
2018-08-25 04:08:25,cmoresid
2018-08-25 08:47:32,jithinraj
2018-08-25 15:40:34,jubbon
2018-08-29 02:50:57,roscopecoltran
2018-08-30 02:51:18,Roon
2018-08-30 14:47:54,alexpnt
2018-08-30 20:05:48,themacmarketer
2018-08-30 21:14:58,kmacmann
2018-08-30 22:24:03,mike-seekwell
2018-08-31 18:21:21,jaredlt
2018-09-02 06:11:50,troyharvey
2018-09-02 23:13:19,mikedillion
2018-09-04 14:18:26,lewisosborne
2018-09-05 17:46:55,khalid79
2018-09-06 22:05:01,davidstoker
2018-09-07 04:29:20,codyss
2018-09-08 00:17:30,tayloramurphy
2018-09-08 01:03:38,raybuhr
2018-09-09 21:55:26,lmine
2018-09-10 00:27:43,maxrausch
2018-09-10 10:52:27,jenniferli23
2018-09-10 18:55:53,cnolanminich
2018-09-10 19:41:46,danielgeals
2018-09-10 22:15:17,GeorgeErickson
2018-09-10 22:34:24,amedeedaboville
2018-09-11 00:43:15,mikian
2018-09-11 04:08:52,v9n
2018-09-12 04:41:29,yayalice
2018-09-12 07:46:56,bnopacheco
2018-09-13 01:56:50,britton-jb
2018-09-13 17:18:26,vishalbelsare
2018-09-14 19:05:50,lmirosevic
2018-09-14 22:14:34,joshtemple
2018-09-15 01:21:22,baskarp
2018-09-15 10:37:17,wenzhihong2003
2018-09-17 20:52:53,hollstein
2018-09-17 21:51:58,jgmize
2018-09-18 01:30:43,luisbelloch
2018-09-18 05:02:32,austinpray
2018-09-19 22:14:14,tomsing1
2018-09-23 00:29:09,jots
2018-09-25 03:00:35,indyaah
2018-09-25 17:16:33,z4m0
2018-09-25 17:28:50,kjmrknsn
2018-09-25 17:56:08,LingxB
2018-09-25 23:18:05,kzarzycki
2018-09-26 11:05:24,cabbage89
2018-09-29 22:59:20,mpeteuil
2018-10-01 23:42:23,lenn4rd
2018-10-02 17:40:16,sphinks
2018-10-03 07:44:36,nanli-7
2018-10-03 17:38:24,emilieschario
2018-10-05 13:43:58,cwkrebs
2018-10-06 21:38:27,JejeF
2018-10-09 01:08:58,JasonGluck
2018-10-09 16:25:34,bobhaffner
2018-10-09 23:49:44,eyadsibai
2018-10-10 03:38:55,zaherhf
2018-10-10 16:35:50,kvn219
2018-10-10 17:04:35,dehume
2018-10-11 15:08:06,dgea005
2018-10-11 22:52:54,jfhbrook
2018-10-12 08:51:51,fairchild
2018-10-14 01:05:14,calvdee
2018-10-15 14:11:54,topazas
2018-10-16 15:24:50,rongfengliang
2018-10-16 23:09:27,rcach001
2018-10-17 15:39:45,maxg203
2018-10-17 20:15:36,beckjake
2018-10-19 15:47:09,joaojunior
2018-10-21 19:31:35,VladaPetrovic
2018-10-21 22:32:45,nicolaskuebler
2018-10-22 02:54:39,ilkerc
2018-10-23 08:07:43,youngwookim
2018-10-24 13:09:41,arrayest
2018-10-25 05:49:19,nmbrgts
2018-10-25 23:41:16,tbescherer
2018-10-27 21:28:27,captainkerk
2018-10-30 01:03:08,danpeskin
2018-10-30 21:37:56,tyhoff
2018-10-31 19:51:28,kmax12
2018-11-01 19:57:15,desigooner
2018-11-02 06:31:17,dnoll
2018-11-04 22:08:42,joshmorel
2018-11-05 07:37:57,759803573
2018-11-05 18:46:01,timchurch
2018-11-05 23:40:41,airhorns
2018-11-06 00:53:12,johnthethird
2018-11-06 01:49:31,hazzelnut
2018-11-06 21:22:16,loginx
2018-11-07 02:32:37,sade-sa
2018-11-08 05:12:41,mgasner
2018-11-10 04:43:00,Moro-Code
2018-11-13 01:50:04,Aylr
2018-11-15 15:56:49,marcinbiegun
2018-11-16 01:06:19,RMMSecurity
2018-11-16 21:01:39,fabiansteuer
2018-11-19 18:53:55,botchniaque
2018-11-19 20:57:05,wilhow
2018-11-19 23:58:48,clrcrl
2018-11-20 02:56:30,jakebiesinger
2018-11-20 21:58:24,vudaotuan
2018-11-21 01:58:51,jgysland
2018-11-21 08:06:15,cavanaug
2018-11-21 12:44:55,greencrab
2018-11-21 19:36:26,DavidNix
2018-11-21 23:00:06,nnpereira
2018-11-22 01:10:36,tdevitt
2018-11-23 14:24:08,creusefond
2018-11-24 07:14:26,danallison
2018-11-24 17:03:11,ibrahimsharaf
2018-11-25 13:12:29,eyaltrabelsi
2018-11-25 23:23:19,briamkin
2018-11-26 13:08:58,max-ostapenko
2018-11-26 15:58:00,bguenther8113
2018-11-26 17:36:23,akansal1
2018-11-26 20:38:19,quartin
2018-11-27 06:12:13,zyuanlim
2018-11-27 07:35:29,EvanKepner
2018-11-27 07:51:16,amohield
2018-11-28 13:01:25,mekalz
2018-11-28 17:36:55,clowder
2018-11-28 19:19:30,cleder
2018-11-29 01:25:48,kdhoermann
2018-11-29 01:27:32,tjenkins
2018-11-29 05:25:01,knaps
2018-11-30 16:01:28,maheshcr
2018-11-30 21:10:11,kasanchez
2018-11-30 21:59:49,wsuhoey
2018-12-01 00:29:12,timrcase
2018-12-03 01:11:23,mkrump
2018-12-03 08:47:33,timmyshen
2018-12-03 12:10:28,brydavis
2018-12-04 07:58:20,allansene
2018-12-04 15:03:15,leandrohmvieira
2018-12-04 15:03:36,jvrmaia
2018-12-05 22:53:26,jmshnds
2018-12-05 23:48:25,JJediny
2018-12-06 08:42:58,paulzhousz
2018-12-07 11:47:40,atulshridhar
2018-12-07 23:58:00,chrismaher
2018-12-08 04:54:11,TyIsI
2018-12-08 18:26:22,zetachang
2018-12-08 19:48:58,malexan
2018-12-09 10:24:17,pauldevos
2018-12-10 08:15:11,kangsenghwa
2018-12-12 07:58:15,mayansalama
2018-12-13 03:24:50,cemontijo
2018-12-14 08:08:47,tim5go
2018-12-15 01:29:17,alysivji
2018-12-15 04:41:13,tomoeyukishiro
2018-12-15 13:48:25,josescasanova
2018-12-16 21:21:01,marlesson
2018-12-17 02:16:00,ktshannon
2018-12-17 17:52:32,dantonrafael
2018-12-17 18:21:20,data-catalysis
2018-12-17 19:39:17,luan03
2018-12-17 22:30:37,gasoved
2018-12-18 20:09:53,DylanBaker
2018-12-18 20:10:07,dsventickas
2018-12-20 23:51:55,Vamanan
2018-12-24 22:23:21,drewgillson
2018-12-27 04:33:35,SioKCronin
2018-12-27 23:36:42,tnagengast
2018-12-28 13:25:13,alexdatadesign
2018-12-29 03:22:26,boxysean
2018-12-30 08:39:32,rafalrybnik
2018-12-30 21:56:16,uhashimi
2019-01-02 23:08:31,jamert
2019-01-04 10:31:21,a122575936
2019-01-05 15:03:32,ludwigm
2019-01-06 17:30:41,mrchypark
2019-01-07 07:30:46,SantoshSrinivas79
2019-01-07 12:49:56,sderosiaux
2019-01-07 12:53:01,huiyuanlu
2019-01-07 19:41:41,csoare7
2019-01-07 19:56:02,nkrantz23
2019-01-07 22:57:48,bjohnson925
2019-01-07 23:11:30,dan-sf
2019-01-08 02:04:04,OneCricketeer
2019-01-08 20:28:25,hoanghapham
2019-01-08 21:02:53,blicalzi
2019-01-08 21:05:13,adilkhash
2019-01-08 21:24:02,ferxohn
2019-01-08 23:13:17,dlstadther
2019-01-09 00:26:12,mtoto
2019-01-10 03:07:30,assiotis
2019-01-11 06:48:31,bash-j
2019-01-11 09:27:41,phanstasmal
2019-01-11 23:39:04,jonah-juul
2019-01-12 03:46:48,ThomasG77
2019-01-12 15:04:32,sumitkumar1209
2019-01-14 03:48:32,yabbasi
2019-01-14 08:09:24,letianw91
2019-01-14 18:12:49,curioustushar
2019-01-14 18:53:49,msamuel
2019-01-14 22:02:37,asokratis
2019-01-15 03:24:49,DanielWFrancis
2019-01-15 15:27:53,victoriano
2019-01-16 01:10:17,rfink
2019-01-16 21:15:16,dearyhud
2019-01-16 22:44:16,fabien-sarcel
2019-01-17 01:09:25,dirkbosman
2019-01-17 03:28:29,oneryalcin
2019-01-17 19:00:12,robert-howley-zocdoc
2019-01-18 10:04:28,amcclosky
2019-01-18 10:06:23,choronz
2019-01-18 14:30:53,shumkovdenis
2019-01-20 19:25:34,TravisDunlop
2019-01-21 04:05:31,AshwinJay
2019-01-21 15:20:07,Hasan-J
2019-01-21 19:41:45,amychen1776
2019-01-21 19:41:49,ChrisLawliss
2019-01-22 12:49:21,redhoyasa
2019-01-22 21:32:03,FrancoisAubert
2019-01-23 03:02:47,ciscodebs
2019-01-24 03:32:48,alberts
2019-01-25 09:12:41,Gilby216
2019-01-25 23:35:09,NathanielWroblewski
2019-01-26 20:52:49,masonhensley
2019-01-28 07:11:44,RajeshThallam
2019-01-28 14:51:30,kandl
2019-01-28 20:47:42,sapiensgladio
2019-01-29 16:39:56,RayOfCreation
2019-01-29 19:34:39,farrajota
2019-01-30 01:39:41,steventen
2019-01-31 11:02:55,apeccaud
2019-02-01 00:42:06,sid-padture
2019-02-01 14:27:44,deniskovalenko
2019-02-03 17:21:21,ned2
2019-02-04 15:59:32,wintersrd
2019-02-04 23:04:23,TyShkan
2019-02-07 04:28:55,miyosh0008
2019-02-08 01:17:25,the-kevin-kong
2019-02-08 01:36:40,brandonkrull
2019-02-08 18:32:13,pikhovkin
2019-02-08 19:15:32,tyblevins
2019-02-08 20:55:32,wookasz
2019-02-08 23:10:46,timmiller18
2019-02-09 02:18:14,efnineio
2019-02-09 13:47:28,kva3umoda
2019-02-11 06:36:53,psafarcik
2019-02-12 14:56:26,williamjulianvicary
2019-02-13 12:28:42,mhasson
2019-02-15 11:02:18,askn
2019-02-15 22:22:04,gkushida
2019-02-16 17:11:26,darrenhaken
2019-02-18 04:52:48,simonoke7
2019-02-18 05:29:37,Blakewell
2019-02-20 22:53:31,pythonjokeun
2019-02-21 20:53:52,adrienschuler
2019-02-22 08:09:27,stzhng
2019-02-22 19:05:48,lo
2019-02-26 22:33:12,gturetsky
2019-02-27 05:54:40,sidharthreddy
2019-02-28 14:20:11,KrishanBhasin
2019-02-28 18:03:01,toppare
2019-02-28 19:12:00,Savva
2019-02-28 23:42:07,dlh
2019-03-01 03:55:33,andrewrgoss
2019-03-02 13:38:53,sercandogan
2019-03-03 00:12:37,claybaber
2019-03-05 07:58:48,jars
2019-03-06 22:27:12,aydumoulin
2019-03-07 06:21:17,asavoy
2019-03-10 19:15:05,charlesflynn
2019-03-10 21:38:33,thomaswuensche
2019-03-12 21:22:42,billpalombi
2019-03-13 21:36:57,liuchanghu
2019-03-15 23:36:10,genachka
2019-03-18 13:04:18,leeuwd
2019-03-18 18:24:57,oleksandr
2019-03-19 01:26:32,lennypruss
2019-03-20 21:06:19,vrlambert
2019-03-20 21:40:35,wearpants
2019-03-21 13:41:12,emres
2019-03-21 15:35:39,vdmitriyev
2019-03-21 17:43:54,ovidiu-eremia
2019-03-21 19:17:23,drewbanin
2019-03-21 19:17:29,cmcarthur
2019-03-21 21:37:05,jplynch77
2019-03-22 02:00:38,Anderssorby
2019-03-22 19:06:47,fabriciomassula
2019-03-23 00:25:50,mdunndata
2019-03-23 06:22:54,zbarry
2019-03-25 20:40:39,sungchun12
2019-03-26 06:59:11,luiscape
2019-03-26 23:10:47,rbjerrum
2019-03-27 15:28:34,davidgasquez
2019-03-27 23:57:32,cfmeyers
2019-03-28 22:58:50,soltanianalytics
2019-03-30 08:51:41,prakashdbhagat
2019-04-02 02:04:42,ngonik
2019-04-02 10:44:36,JustEdro
2019-04-02 15:55:52,sryabkov
2019-04-03 01:52:44,marouane-tradelab
2019-04-03 18:44:15,Willianvdv
2019-04-04 19:42:51,mivade
2019-04-05 07:37:56,bwillis
2019-04-05 07:57:41,stronics
2019-04-05 11:52:05,spaghettifunk
2019-04-05 12:58:45,rchukh
2019-04-08 12:19:54,tatey
2019-04-10 00:16:38,hangtwenty
2019-04-10 21:04:45,jbhatt1
2019-04-11 22:37:24,daturkel
2019-04-12 00:49:03,zarrarrana
2019-04-14 04:53:31,SathishRaju
2019-04-15 18:12:59,ulyr
2019-04-15 19:39:04,Dimi727
2019-04-15 21:28:45,salotz
2019-04-17 03:20:32,talkinjitsu
2019-04-17 21:12:11,jesuejunior
2019-04-18 07:31:52,pavelsevcik
2019-04-18 20:48:28,mlavoie-sm360
2019-04-19 05:46:43,rcuza
2019-04-20 00:35:02,jcontesti
2019-04-23 11:55:13,jbarlow83
2019-04-23 19:15:42,evtan
2019-04-26 00:55:58,SOHELAHMED7
2019-04-28 18:31:30,Tapchicoma
2019-04-29 16:50:10,MaxMorais
2019-04-29 17:28:45,hughcameron
2019-04-30 22:15:00,liuxx783
2019-05-01 20:03:53,ariskk
2019-05-01 21:22:39,opragel
2019-05-02 03:37:24,jasonkriss
2019-05-02 19:07:43,jdreaver
2019-05-02 20:20:53,devcovato
2019-05-03 20:21:58,milosgajdos
2019-05-04 13:17:32,mobrahim
2019-05-04 13:40:52,vasiliykovalev
2019-05-04 20:26:10,danhtran94
2019-05-05 04:22:15,merqurio
2019-05-06 21:39:56,mremes
2019-05-07 10:22:10,swiffer
2019-05-07 16:55:01,ifokeev
2019-05-07 17:00:02,alexesDev
2019-05-10 00:51:47,atherin
2019-05-10 20:10:21,soumyadsanyal
2019-05-13 04:58:57,ymn1k
2019-05-13 14:57:55,flyingmutant
2019-05-13 23:28:26,dorringel
2019-05-16 00:04:22,fyrk
2019-05-16 17:25:17,gchatzip
2019-05-19 22:08:51,umar-tophat
2019-05-20 14:40:51,ballmond
2019-05-20 18:56:17,heisencoder
2019-05-20 19:27:02,ajkerrigan
2019-05-21 07:01:35,al3xpowers
2019-05-21 19:49:09,raniendu
2019-05-22 03:10:27,jonathanius
2019-05-22 04:20:02,KittyBot
2019-05-22 22:13:01,androiddrew
2019-05-23 02:44:09,thomastu
2019-05-23 07:53:02,jdphilius
2019-05-23 12:48:13,bashyroger
2019-05-24 09:59:10,bradcosine
2019-05-24 18:10:59,aleksandersumowski
2019-05-25 20:16:36,crivetimihai
2019-05-26 08:50:18,jcmkk3
2019-05-26 20:26:22,Amandianeze
2019-05-27 13:12:02,SibtulHussain
2019-05-28 15:33:58,sjwhitworth
2019-05-28 21:10:12,longw010
2019-05-28 21:26:57,CodeVoyager
2019-05-29 05:26:50,hey-jude
2019-05-29 07:45:37,kevindeasis
2019-05-29 13:35:28,rseemann
2019-05-29 17:12:14,DamolAAkinleye
2019-05-29 17:56:01,pmatev
2019-05-31 00:33:54,AAthresh
2019-06-01 10:57:11,Javier162380
2019-06-02 03:31:54,jsimpson
2019-06-02 03:36:53,bmorelax
2019-06-02 03:57:57,di1eep
2019-06-02 05:04:45,mmcf
2019-06-02 06:26:03,digvan
2019-06-02 11:31:06,ananis25
2019-06-02 11:43:08,grahamplace
2019-06-02 11:50:11,mrw34
2019-06-02 12:20:27,mtwilliams
2019-06-02 13:02:19,jackliusr
2019-06-02 13:49:16,baitcenter
2019-06-03 12:53:27,haraball
2019-06-03 19:28:07,AcidFlow
2019-06-03 20:46:56,piggybox
2019-06-03 22:59:06,michaelayoub
2019-06-04 10:21:34,miaoever
2019-06-06 18:46:50,mreiferson
2019-06-06 19:47:48,jtmiclat
2019-06-06 20:01:15,extesy
2019-06-06 20:10:30,atombender
2019-06-06 20:16:51,rkrzr
2019-06-06 20:58:25,seisenberg
2019-06-06 20:59:02,ypxu
2019-06-06 21:42:39,alexandru-porcescu
2019-06-06 21:50:41,flosch
2019-06-06 23:45:37,mrbungie
2019-06-07 00:37:45,drefined
2019-06-07 00:50:04,cirotix
2019-06-07 01:48:07,yannick
2019-06-07 08:08:26,nautilus28
2019-06-07 15:26:55,neuroradiology
2019-06-07 18:27:43,aveekbhat
2019-06-07 19:22:05,qcu
2019-06-07 22:44:54,geofinder
2019-06-08 00:43:41,cransono
2019-06-08 07:57:30,mostafafotoh
2019-06-08 12:23:31,mgill25
2019-06-09 06:58:29,ceshine
2019-06-09 12:58:06,TheMushrr00m
2019-06-10 01:13:27,jprg
2019-06-10 19:11:31,unknownv2
2019-06-10 19:49:09,robinator
2019-06-10 23:53:10,davidkeyes
2019-06-11 05:31:23,lindsay-stevens
2019-06-11 06:26:22,ianchen06
2019-06-11 11:04:12,jb33k
2019-06-11 15:12:45,mkuthan
2019-06-11 18:44:14,l4u
2019-06-11 20:08:18,assaflavi
2019-06-12 06:04:51,ebenoist
2019-06-12 20:16:26,vijayv
2019-06-13 07:30:24,sbrichardson
2019-06-13 13:40:11,juhalehtonen
2019-06-13 17:14:28,andresfcamacho
2019-06-15 01:00:37,poteznyKrolik
2019-06-15 03:01:40,itszakko
2019-06-15 09:14:18,ZKing1000
2019-06-16 01:56:06,jstorts
2019-06-18 02:22:27,normful
2019-06-18 18:48:40,demiban
2019-06-18 18:50:16,tommywucityblock
2019-06-21 09:09:28,ali1rathore
2019-06-21 22:18:34,qasimmaqbool
2019-06-22 00:08:11,kieranesmith
2019-06-22 03:55:01,saulcruzr
2019-06-22 10:33:38,Paul-Cunningham
2019-06-24 17:11:24,jakehop
2019-06-24 23:51:38,JohnDittmar
2019-06-26 01:25:14,sammurphych
2019-06-26 06:02:29,josegalarza
2019-06-26 18:34:25,keiichi1
2019-06-26 19:50:04,oudommeas
2019-06-26 20:14:36,EBazarov
2019-06-27 01:34:28,lfthwjx
2019-06-27 04:34:42,eueung
2019-06-27 08:39:04,scalp42
2019-06-27 09:12:09,rhps
2019-06-27 10:37:03,kinjo-d
2019-06-27 12:01:58,kevinsegal
2019-06-27 12:26:32,ahmgeek
2019-06-27 15:04:36,axelbellec
2019-06-27 16:33:30,matheusnervis
2019-06-28 02:07:09,kiansheik
2019-06-29 08:04:17,mantaq10
2019-06-30 17:43:40,r-takahama
2019-06-30 22:03:25,atharvai
2019-07-01 04:46:30,loganfrederick
2019-07-01 12:21:17,dcereijodo
2019-07-01 12:41:53,jjstill
2019-07-01 17:53:54,jrandrews
2019-07-01 19:11:02,anatolbran
2019-07-03 20:59:12,rxin
2019-07-04 05:33:10,nmarchio
2019-07-04 07:04:48,pedrocarvalhodev
2019-07-04 12:54:44,anarkia7115
2019-07-04 23:03:09,zichong
2019-07-05 17:24:13,solider245
2019-07-06 07:44:27,Dashon-Hawkins
2019-07-07 21:13:04,arkady-emelyanov
2019-07-08 14:17:49,rolandlaaper
2019-07-08 15:57:29,klnkt
2019-07-09 06:00:04,sjquant
2019-07-10 03:54:17,annasmith370
2019-07-10 14:16:18,vlukiyanov
2019-07-10 19:36:30,aicglabs
2019-07-11 13:40:44,jbargayo
2019-07-12 18:02:22,DanielGRRB
2019-07-13 05:36:00,pfeilbr
2019-07-13 14:31:41,ddpimkin
2019-07-15 06:02:56,vulcangz
2019-07-15 20:38:02,jetringer12
2019-07-15 20:42:02,ryanmaclean
2019-07-15 22:00:21,mlerner
2019-07-15 22:23:51,patricktrainer
2019-07-16 00:12:46,respatialized
2019-07-16 00:35:14,Dev25
2019-07-16 00:55:32,zhongchen
2019-07-16 07:49:34,james-andrewsmith
2019-07-16 21:11:30,andrewseddon
2019-07-17 00:11:10,Cedz
2019-07-17 20:02:27,stevsull
2019-07-18 01:46:45,dorianbg
2019-07-18 17:36:07,spencer1248
2019-07-18 17:44:37,manuzhang
2019-07-19 20:53:15,jasondyjohnson
2019-07-20 04:11:23,gnilrets
2019-07-21 17:23:30,satejsoman
2019-07-22 05:27:22,rendybjunior
2019-07-22 18:34:49,ratabora
2019-07-22 19:45:01,franloza
2019-07-22 19:57:16,levimalott
2019-07-22 23:48:17,chartpath
2019-07-23 02:03:33,SaulG
2019-07-23 02:07:52,isms
2019-07-23 03:33:25,Rud5G
2019-07-23 06:21:56,Chasteau
2019-07-23 10:31:40,baselbb
2019-07-23 15:28:26,bilalaslamseattle
2019-07-23 20:25:35,brunotm
2019-07-24 00:08:36,662d7
2019-07-24 03:21:59,pdaher
2019-07-24 10:08:36,Abul22
2019-07-24 12:07:37,pellicceama
2019-07-24 15:54:22,ayberktecimer
2019-07-25 07:31:55,RStuczynski
2019-07-25 14:33:28,umer7
2019-07-26 16:53:56,scmrus
2019-07-27 22:49:19,imran-4
2019-07-29 11:01:27,RobertoCatapang
2019-07-29 17:44:56,bxh-io
2019-07-30 10:51:36,amitjindal
2019-07-30 23:14:49,kharmabum
2019-07-31 13:12:36,XavierRdrgz
2019-08-01 02:24:16,jacobm001
2019-08-01 10:03:46,eleijonmarck
2019-08-01 22:40:03,eiof
2019-08-01 22:53:30,martinbrose
2019-08-02 12:10:29,jarlainnix
2019-08-02 19:04:35,nolanbconaway
2019-08-03 03:15:31,tjvananne
2019-08-03 09:52:30,rob-robinson
2019-08-03 23:42:45,HarshScindia
2019-08-05 11:37:43,tlentali
2019-08-05 19:20:16,lukeacparsons
2019-08-05 23:07:26,Hamza2404
2019-08-06 03:28:13,tekumara
2019-08-06 07:19:53,blackawa
2019-08-06 17:31:17,garaud
2019-08-06 20:56:51,datensparsamkeit
2019-08-09 11:29:26,coderfi
2019-08-09 16:42:16,kevinjamesparks
2019-08-09 20:17:56,bloomonkey
2019-08-09 22:45:46,BrianDehlinger
2019-08-11 18:55:28,cpnat
2019-08-12 17:52:12,ademidun
2019-08-14 13:55:15,xEasy
2019-08-14 14:12:14,Folyd
2019-08-15 10:03:09,AndrewRadev
2019-08-15 10:31:49,krisl
2019-08-15 18:04:14,husseinhilmi
2019-08-16 08:41:25,Nalseez
2019-08-17 19:37:43,dsaxton
2019-08-18 01:06:10,kochalex
2019-08-18 09:22:16,elexisvenator
2019-08-18 11:26:50,ericsun2
2019-08-19 13:43:56,sslavian812
2019-08-19 15:06:20,alabarga
2019-08-19 15:13:00,repodevs
2019-08-19 17:04:54,benjaminsingleton
2019-08-19 19:17:18,nfourmann
2019-08-20 15:23:53,pmuntyanu
2019-08-20 17:34:45,CyrilPepito
2019-08-20 17:36:15,IronistM
2019-08-20 22:45:34,Leszek-Sieminski
2019-08-21 13:50:25,alexisthual
2019-08-22 10:02:33,clkao
2019-08-23 01:15:44,rodrigodelmonte
2019-08-23 01:17:06,crazile
2019-08-23 20:50:54,watsy0007
2019-08-24 00:11:28,ismailsimsek
2019-08-24 01:05:10,austospumanto
2019-08-24 07:34:36,amiorin
2019-08-24 18:35:19,fupeng
2019-08-26 12:40:51,rickybasse
2019-08-26 13:07:47,adyekjaer
2019-08-26 16:59:56,geraldodev
2019-08-26 19:15:55,seanglynn
2019-08-27 00:34:08,hoangthienan95
2019-08-27 22:03:36,caiobelfort
2019-08-28 11:34:51,tb
2019-08-29 18:10:13,DVAlexHiggs
2019-08-30 18:23:52,concannon
2019-09-01 01:03:29,dhoe
2019-09-02 07:48:58,agrrd
2019-09-03 01:52:37,miguendes
2019-09-03 13:37:04,houshanren
2019-09-04 09:00:12,brucx
2019-09-04 18:20:37,tomekzbrozek
2019-09-04 18:20:50,Speneki
2019-09-04 18:21:19,mattm
2019-09-04 18:21:58,brettquada
2019-09-04 18:22:03,antonmcgeezy
2019-09-04 18:25:18,rijnhardtkotze
2019-09-04 18:26:21,JohnRomanski
2019-09-04 18:28:49,NPF-Code
2019-09-04 18:31:13,jmriego
2019-09-04 18:38:24,delormev-trailmix
2019-09-04 18:52:07,nickyspitz
2019-09-04 18:54:03,ludflu
2019-09-04 18:58:50,curious-bryan
2019-09-04 19:00:02,skritch
2019-09-04 19:06:35,gasparakos
2019-09-04 19:12:34,jdarrell
2019-09-04 19:13:46,m2gikbb
2019-09-04 19:28:32,broom9
2019-09-04 19:29:47,automagic
2019-09-04 19:52:56,mdimercurio
2019-09-04 20:41:01,junoatscroll
2019-09-04 20:56:24,zzztimbo
2019-09-04 21:12:08,huntdm07
2019-09-04 21:48:58,LenaHajjar
2019-09-05 00:36:03,wesseljt
2019-09-05 01:44:17,jonnearmap
2019-09-05 02:30:27,ddaltonrtr
2019-09-05 03:06:48,jmace006
2019-09-05 04:09:46,jflitton
2019-09-05 06:48:38,gfleetwood
2019-09-05 09:15:29,rdlowrey
2019-09-05 10:00:55,tomekmazur87
2019-09-05 10:33:26,gsajko
2019-09-05 10:42:11,notoriousarun
2019-09-05 16:20:25,aroder
2019-09-06 01:48:17,simms21
2019-09-06 13:03:14,chinthakagodawita
2019-09-07 01:14:18,douggr
2019-09-08 15:37:34,bakjos
2019-09-09 01:52:51,danielledalton
2019-09-09 02:32:52,isaac34mi
2019-09-09 09:06:06,andreissov
2019-09-09 18:27:15,flpezet
2019-09-10 07:24:09,krishbox
2019-09-10 17:34:00,rgabo
2019-09-11 02:20:55,yetudada
2019-09-11 19:18:11,TheMightyBaguette
2019-09-11 19:24:18,hacherix
2019-09-11 19:36:18,rbarnard
2019-09-12 11:43:52,ijy
2019-09-12 17:02:17,NYStud
2019-09-12 22:05:23,aonic
2019-09-13 18:57:46,kafran
2019-09-14 17:50:02,paudirac
2019-09-15 08:02:24,dsumpter
2019-09-16 11:01:34,sqrtqiezi
2019-09-18 01:18:46,mgoldbas
2019-09-18 11:08:54,listentojohan
2019-09-18 14:48:48,dayuoba
2019-09-18 22:02:15,garbles
2019-09-19 18:22:48,asfaltboy
2019-09-19 21:53:27,jmccallum-premise
2019-09-20 11:09:24,presveva
2019-09-20 20:00:12,prostickman
2019-09-20 21:59:46,rgduncan
2019-09-21 06:06:11,aaronsteers
2019-09-21 07:41:43,ttogola
2019-09-23 23:35:24,Blokje5
2019-09-24 01:41:06,AlexLenoir
2019-09-24 06:55:05,ryanprior
2019-09-24 11:44:55,saungkertas
2019-09-24 12:08:51,lanphan
2019-09-25 13:25:43,leftkats
2019-09-25 16:58:42,josecsotomorales
2019-09-25 17:57:18,jmmoraleslopez
2019-09-26 05:38:40,phanssens1
2019-09-26 18:12:08,mattfior
2019-09-26 19:27:11,vergenzt
2019-09-27 07:12:06,gabrielebaez
2019-09-27 14:27:03,mattduck
2019-09-28 00:17:43,skunkwerk
2019-09-28 16:33:16,mickeypash
2019-09-29 03:59:02,Shekharv
2019-09-30 02:16:27,hrua
2019-09-30 18:37:37,andreax79
2019-10-01 00:37:06,bcgalvin
2019-10-01 15:15:41,wisemuffin
2019-10-02 21:38:38,evert0n
2019-10-03 17:18:41,margushein
2019-10-04 04:27:02,MartinGuindon
2019-10-04 13:57:33,KPouianou
2019-10-04 20:06:41,vitorbaptista
2019-10-05 03:30:41,nchammas
2019-10-05 07:02:47,DavidWells
2019-10-05 13:21:23,Cabeda
2019-10-06 07:20:19,austince
2019-10-08 16:45:26,HuntMG
2019-10-08 23:25:11,vchamakkala
2019-10-09 20:38:17,samatar26
2019-10-09 20:57:12,alesso-x
2019-10-10 17:56:14,bfgray3
2019-10-11 01:09:25,jkornblum
2019-10-11 19:59:42,nwt-patrick
2019-10-13 04:07:07,antogerva
2019-10-14 01:40:39,ianmyles
2019-10-16 18:43:12,kylelussier
2019-10-17 03:57:03,southpolemonkey
2019-10-17 06:59:14,parodayco
2019-10-17 15:48:37,tmyoon
2019-10-17 20:29:58,FanaHOVA
2019-10-18 22:24:04,psanker
2019-10-19 02:05:01,dslaw
2019-10-20 06:10:58,tomrod
2019-10-21 08:30:46,hendrakurniad
2019-10-22 14:30:45,coby9241
2019-10-22 19:54:50,bdevetak
2019-10-22 22:07:05,eldologuzzo
2019-10-22 23:55:17,blakeburch
2019-10-23 14:21:14,stiendat
2019-10-24 06:54:57,akitana-airtanker
2019-10-24 12:31:30,kangkot
2019-10-24 16:08:33,scottcoggin
2019-10-24 17:55:47,mariyastarin
2019-10-24 19:17:10,kevinbonte
2019-10-25 10:53:06,pyrooka
2019-10-26 17:49:18,KhaledTo
2019-10-28 00:13:10,srikanth-medikonda
2019-10-29 03:28:06,pdbaines
2019-10-29 08:24:15,gaylonalfano
2019-10-29 14:56:43,freakinruben
2019-10-29 22:55:06,jarsba
2019-10-30 13:38:57,toughrogrammer
2019-10-30 23:47:57,AbhiAgarwal
2019-10-31 01:23:36,jmbrooks
2019-10-31 22:30:15,freemotionstudios
2019-11-01 17:36:49,ilyanoskov
2019-11-04 13:15:21,giant35
2019-11-04 22:41:45,PDTenpas
2019-11-04 23:38:28,smacke
2019-11-05 22:29:00,kirillgroshkov
2019-11-07 01:23:52,asonawalla
2019-11-07 13:50:26,Akramz
2019-11-08 04:57:52,project-delphi
2019-11-11 01:35:34,weswalker125
2019-11-11 15:33:18,dobraga
2019-11-11 20:13:17,gcssabbagh
2019-11-12 06:27:32,sarah-johnson
2019-11-12 20:58:45,rcyrus
2019-11-12 21:18:57,machbio
2019-11-12 21:54:57,varnit
2019-11-12 22:53:24,stevesimmons
2019-11-12 23:14:13,wardn
2019-11-13 01:31:57,victormartingarcia
2019-11-13 05:03:44,mkosturek
2019-11-13 08:22:25,cortexiphan1
2019-11-13 09:01:01,aiguofer
2019-11-13 09:36:23,arthurhenrique
2019-11-13 10:53:47,rajeshkelappan
2019-11-13 20:49:43,dehume-drizly
2019-11-13 21:29:09,FabioBatSilva
2019-11-14 00:35:32,brunowego
2019-11-14 00:43:12,janhapke
2019-11-14 09:25:34,xuanhan863
2019-11-14 11:09:58,akashgupta299
2019-11-14 22:12:52,peloyeje
2019-11-15 02:22:39,cfargeot
2019-11-15 14:30:46,shimberger
2019-11-15 20:13:23,tiagovrtr
2019-11-15 21:19:32,ronaldmeran
2019-11-16 00:19:52,skwaugh
2019-11-16 03:28:25,onlookerliu
2019-11-16 16:02:07,rdoume
2019-11-17 10:52:53,george-t
2019-11-17 11:49:50,lehneres
2019-11-17 17:53:04,stefankeidel
2019-11-17 21:59:55,clausherther
2019-11-18 16:43:37,cordon-thiago
2019-11-20 00:45:18,seade
2019-11-20 10:19:18,kiernan
2019-11-20 20:26:14,zacarybrown
2019-11-20 23:56:53,snarfed
2019-11-21 02:25:31,jeffrimko
2019-11-22 20:58:24,traviswt
2019-11-23 21:05:30,daha
2019-11-23 21:25:42,arenaswan
2019-11-24 17:23:24,lootnath
2019-11-25 14:18:57,hanzheng
2019-11-25 16:19:52,fabiengasser
2019-11-26 05:41:39,douglasnaphas
2019-11-26 07:19:16,nqminhuit
2019-11-26 16:41:05,dan-fahey
2019-11-27 09:48:59,maxmilia
2019-11-28 08:25:00,tayyab-razzaq
2019-11-28 09:24:27,banditelol
2019-11-28 12:14:05,accolver
2019-11-28 16:23:56,jhermann
2019-11-29 18:18:26,doAnonymously1
2019-12-02 15:08:38,dylanninin
2019-12-03 02:17:28,endast
2019-12-03 17:51:04,vmlinz
2019-12-04 20:37:09,flying-burrito
2019-12-05 10:56:26,bhmilner
2019-12-06 00:28:11,yan9yu
2019-12-08 19:20:51,0xfcryowbk2ca65z
2019-12-09 10:07:33,cdimascio
2019-12-10 01:25:24,TaliaSRTR
2019-12-10 20:19:36,tom-james-watson
2019-12-10 22:13:42,pjabang1
2019-12-10 22:51:48,aprasadh
2019-12-11 03:20:31,edbizarro
2019-12-11 06:14:36,xugenfa
2019-12-11 11:26:37,Foristkirito
2019-12-11 13:23:06,fmind
2019-12-11 15:12:40,kaushikb11
2019-12-11 17:16:21,peadalmeida
2019-12-11 20:09:20,jlevy44
2019-12-12 00:56:04,kvnsmth
2019-12-12 02:55:31,dotpot
2019-12-12 03:13:05,stuartjash
2019-12-12 08:42:08,OdinLin
2019-12-12 14:52:44,tcoats
2019-12-12 20:15:27,harrisonde
2019-12-13 01:10:26,gvvynplaine
2019-12-13 03:39:24,igurovich
2019-12-13 08:08:17,openmartin
2019-12-13 20:39:54,PaulSchnau
2019-12-13 21:39:11,meeeller
2019-12-14 02:55:28,axifive
2019-12-14 11:41:06,7u4
2019-12-14 22:00:58,halhenke
2019-12-16 09:18:42,lushpush
2019-12-16 22:37:06,pdpark
2019-12-17 04:59:25,sairam
2019-12-19 02:07:44,walshie4
2019-12-19 21:36:57,bskim45
2019-12-19 22:20:21,HariSekhon
2019-12-20 21:16:30,dongsu
2019-12-21 13:16:40,veris-pr
2019-12-21 13:27:53,vincyf1
2019-12-23 05:19:59,bsolomon1124
2019-12-23 14:16:03,bzz
2019-12-23 20:10:06,vvnadolskyy
2019-12-24 18:39:36,patrykkalinowski
2019-12-24 19:04:10,igungor
2019-12-26 20:27:17,rrampage
2019-12-27 05:49:13,gryn010
2019-12-29 04:38:55,jpugliesi
2019-12-29 15:29:33,christippett
2019-12-30 14:58:05,paristsai
2019-12-30 17:26:42,B0yc3y
2019-12-31 00:51:40,gregchu
2019-12-31 03:56:00,ngould
2019-12-31 06:14:04,tsundara
2020-01-02 10:45:11,TheRockerfly
2020-01-02 14:48:04,CoconutTherapy
2020-01-02 17:16:42,chapmanjacobd
2020-01-03 00:39:44,juanriaza
2020-01-03 02:28:06,lkraider
2020-01-03 06:55:34,andrewwxy
2020-01-03 12:02:35,celichtenstein
2020-01-03 15:19:04,katomaso
2020-01-03 20:23:40,elleFlorio
2020-01-03 20:34:44,eugen-natucci
2020-01-05 03:25:43,sat
2020-01-05 12:47:32,makalaaneesh
2020-01-05 16:10:18,vanducng
2020-01-06 10:26:11,stephen84s
2020-01-06 15:54:26,mehd-io
2020-01-07 17:23:55,philippatterson
2020-01-08 05:18:34,brshallo
2020-01-09 03:07:36,jdidion
2020-01-09 21:24:02,nickwu241
2020-01-10 04:48:07,wobo-aiguofer
2020-01-10 08:52:34,camfrout
2020-01-10 17:01:07,ibuda
2020-01-10 17:02:35,timtoeruem
2020-01-11 19:56:06,allisonheath
2020-01-12 07:16:57,Nditah
2020-01-12 21:22:44,DM139
2020-01-13 13:52:59,yourfrienddhruv
2020-01-13 21:21:50,grosskur
2020-01-13 21:35:54,ggeorgiadis
2020-01-14 04:32:22,pkmishra
2020-01-14 16:08:20,willejs
2020-01-14 17:27:54,TimZInGitHub
2020-01-14 19:14:45,bcg0006
2020-01-14 19:17:24,sebinsua
2020-01-16 01:30:22,jtbates
2020-01-16 02:21:17,KenleyArai
2020-01-16 02:41:14,zacharywhitley
2020-01-16 06:41:00,josepowera
2020-01-17 18:42:58,tomsej
2020-01-17 19:40:09,hvnsweeting
2020-01-18 11:28:36,f-ricci
2020-01-18 14:42:17,JPL-DSCS
2020-01-18 22:04:36,koolamusic
2020-01-19 00:50:43,tszumowski
2020-01-19 09:01:50,svieira
2020-01-19 18:24:30,RBozydar
2020-01-21 02:29:13,hackerrdave
2020-01-22 08:00:03,jacosilvis
2020-01-23 00:31:12,saleembasit
2020-01-23 18:22:14,4bic
2020-01-23 19:35:02,tsoporan
2020-01-24 01:31:57,ChristianKohlberg
2020-01-26 03:43:35,omegamaster
2020-01-27 00:30:57,crezam
2020-01-27 01:08:55,chudo19
2020-01-27 23:17:13,marcvictor
2020-01-28 04:04:36,bakushin
2020-01-28 16:23:16,frisbeegrammer
2020-01-28 17:18:43,number5
2020-01-29 11:11:41,memon
2020-01-29 13:50:02,ratanos
2020-01-29 19:38:30,levonk
2020-01-29 22:16:16,gozcu
2020-01-30 03:20:33,aaronraff
2020-01-30 14:47:23,relloyd
2020-01-30 17:42:30,yahwang
2020-01-30 18:18:57,seeekr
2020-01-30 20:17:55,watermanio
2020-01-31 22:29:09,cyroxx
2020-01-31 23:33:35,srean
2020-02-01 15:43:55,deepakggoel
2020-02-01 17:22:13,anskarl
2020-02-02 15:12:34,larkamel
2020-02-03 18:06:48,georgim0
2020-02-04 08:38:38,kekline
2020-02-04 22:12:41,hereistam
2020-02-04 23:50:44,conzy
2020-02-05 03:45:59,tacohiddink
2020-02-05 05:58:43,rsbusby
2020-02-05 07:47:41,affinespaces
2020-02-05 14:27:38,hczhcz
2020-02-05 17:53:03,Ourelien
2020-02-06 10:04:15,stvsu
2020-02-06 11:07:17,zevaverbach
2020-02-06 12:13:01,zhxt95
2020-02-06 20:39:03,rajeshkp
2020-02-06 22:47:32,xinbinhuang
2020-02-07 00:48:55,kzzzr
2020-02-07 01:22:50,trunsky
2020-02-07 10:01:06,aiseei
2020-02-07 19:18:21,vlmihnevich
2020-02-07 19:22:24,elyk
2020-02-07 19:35:12,dan-stoeberl-trimble
2020-02-07 22:09:12,hajardata
2020-02-09 15:06:16,edhenry
2020-02-09 23:03:53,kvds-kalyan
2020-02-10 17:01:22,eduardlopez
2020-02-10 21:34:17,durk1234
2020-02-11 03:56:45,ahmedadelhassan
2020-02-11 09:19:54,fridiculous
2020-02-12 04:00:04,macleodmac
2020-02-12 07:29:52,cdilga
2020-02-12 09:10:08,fhoffa
2020-02-12 19:27:19,shooka
2020-02-12 20:48:15,tjpalanca
2020-02-12 23:36:59,tonyhb
2020-02-13 07:02:29,robertaves
2020-02-14 00:11:57,morgansamson
2020-02-14 05:21:32,jiajie-chen-havas
2020-02-14 23:20:40,skshel123
2020-02-15 23:10:34,hpetru
2020-02-16 04:29:38,phidah
2020-02-17 12:10:02,soamvasani
2020-02-17 14:13:56,dmateusp
2020-02-17 17:16:19,alepuccetti
2020-02-17 19:04:12,zealinux
2020-02-18 10:59:57,akrisanov
2020-02-18 13:53:14,Vickzhang
2020-02-18 14:10:43,sergei3000
2020-02-19 04:02:30,nbb007
2020-02-19 08:47:55,adisesha
2020-02-19 13:20:40,bipin-nag
2020-02-20 03:16:25,Runiko
2020-02-20 08:54:27,danielbrumley90
2020-02-20 11:47:10,ohahohah
2020-02-21 09:37:04,moltar
2020-02-21 09:51:44,shanipribadi
2020-02-21 21:37:17,kevhill
2020-02-21 22:39:53,AxelFurlanF
2020-02-21 22:50:51,johnrhageman
2020-02-22 05:00:07,jorgitosanchito
2020-02-23 16:15:13,Dauliac
2020-02-23 18:22:58,ibmendoza
2020-02-25 14:25:39,robmarkcole
2020-02-25 21:12:58,LoicChesneau
2020-02-25 23:41:24,ollu8
2020-02-26 16:13:28,rbw-lpp
2020-02-26 22:15:44,MartinLichtblau
2020-02-27 00:49:20,thangtp
2020-02-27 04:11:48,dixantrai
2020-02-27 13:34:48,basrisahin
2020-02-27 13:59:22,abdulganierkan
2020-02-28 21:35:51,ZolotukhinAS
2020-02-28 22:20:40,OblateSpheroid
2020-02-29 04:33:16,gh4n
2020-02-29 06:14:19,jatrost
2020-03-01 04:22:50,mmngreco
2020-03-01 18:42:51,Raalsky
2020-03-02 13:52:16,stantoxt
2020-03-02 17:33:02,tanguyantoine
2020-03-02 20:05:41,feluelle
2020-03-02 20:25:26,fantasycoder
2020-03-03 13:50:20,aeei
2020-03-03 14:43:59,tchiotludo
2020-03-03 18:48:20,ran-eh
2020-03-03 21:55:24,ystory
2020-03-04 06:19:10,keis-chequer
2020-03-04 22:29:47,samsetegne
2020-03-05 03:01:59,bwilson668
2020-03-05 11:22:53,khaferkamp
2020-03-05 19:47:55,davesgonechina
2020-03-05 21:04:37,dunyaoguz
2020-03-06 00:30:29,msb217
2020-03-06 07:42:02,almereyda
2020-03-06 08:52:17,junjaytan
2020-03-06 21:12:29,tianzhou
2020-03-07 00:24:39,Saad-K
2020-03-07 04:20:04,jwills
2020-03-08 04:14:46,kprybol
2020-03-09 16:48:32,bictorman
2020-03-09 22:01:43,SpeedyConsolas
2020-03-10 02:10:12,sboyaci-nakd
2020-03-10 05:00:53,olirice
2020-03-10 11:14:52,ggmblr
2020-03-10 11:37:17,csakshaug
2020-03-10 19:49:21,jtarricone
2020-03-11 09:18:57,bani
2020-03-11 16:06:38,psygnoser
2020-03-11 20:21:10,slevine
2020-03-12 02:16:20,rafaeldff
2020-03-12 03:32:06,atvaccaro
2020-03-12 21:03:29,crw
2020-03-13 00:22:05,AntoineAugusti
2020-03-13 16:46:19,masoud-al
2020-03-14 05:36:13,cypherbit
2020-03-14 13:04:40,bryanyang0528
2020-03-14 22:16:09,infosmith
2020-03-15 00:40:08,seeM
2020-03-16 11:59:08,yusamidas
2020-03-16 12:50:45,byteshiva
2020-03-16 13:10:18,cthulhu666
2020-03-16 14:14:47,JoelAnalyst
2020-03-16 18:22:58,aclerc
2020-03-16 21:38:47,coltondick
2020-03-17 21:12:13,makaroni4
2020-03-18 13:16:07,amanderson
2020-03-18 20:58:14,brandon-o
2020-03-19 11:15:19,timetobye
2020-03-20 00:49:46,YeonwooSung
2020-03-20 01:47:49,baatch
2020-03-20 21:08:11,danielsepulvedab
2020-03-20 22:34:13,balmasi
2020-03-21 06:38:45,manesioz
2020-03-21 14:56:41,francoisaubert1
2020-03-21 15:20:18,wchatx
2020-03-22 00:09:05,poguez
2020-03-22 16:59:07,flunardelli
2020-03-23 11:16:10,aralshawa
2020-03-25 08:30:41,tohjustin
2020-03-26 06:21:24,dhuckins
2020-03-26 23:28:51,timf-bonobos
2020-03-27 18:57:05,revans
2020-03-27 23:21:57,suaron
2020-03-29 00:36:49,jtalmi
2020-03-30 12:02:59,prashanthmcr
2020-03-30 14:07:51,fscheidt
2020-03-30 19:36:17,anirudh-ramesh
2020-03-31 11:08:40,seperman
2020-03-31 20:58:28,msnidal
2020-04-01 09:13:49,Djamal-Sadaghiani
2020-04-02 05:37:07,nlindner
2020-04-02 05:42:49,pgagnon
2020-04-03 19:07:37,jcrudy
2020-04-03 20:15:56,timrburnham
2020-04-04 00:44:01,lukekang
2020-04-04 07:41:54,jsuarezb
2020-04-04 14:09:31,jenjoit
2020-04-05 18:02:56,rhulek
2020-04-05 20:28:15,qianxuanyon
2020-04-05 20:42:18,nicholsn
2020-04-06 09:56:20,yimingli
2020-04-07 21:26:49,sanjaydatasciencedojo
2020-04-08 19:25:32,martinhammar
2020-04-09 12:35:41,benrroberts2
2020-04-09 14:38:59,st3w4r
2020-04-09 20:33:46,dondaum
2020-04-09 23:59:08,nfrimando
2020-04-10 03:15:02,danecjensen
2020-04-11 17:57:44,codershore
2020-04-11 19:37:33,jbinkleyj
2020-04-12 21:10:22,devendrasr
2020-04-13 07:09:31,codezakh
2020-04-13 10:54:09,trackq
2020-04-13 11:44:15,Irainia
2020-04-13 22:05:16,ronnylt
2020-04-13 22:24:55,carlosmarin
2020-04-14 10:48:23,RaviHindocha
2020-04-14 11:26:44,alanmcruickshank
2020-04-14 18:52:11,tbaylis
2020-04-14 20:50:24,y4rr
2020-04-14 21:16:23,eoferreira
2020-04-15 01:52:16,christineberger
2020-04-15 20:16:06,grantwinship
2020-04-15 22:33:23,bernardosrulzon
2020-04-16 22:12:52,blavoie
2020-04-17 04:19:36,personrcunha
2020-04-19 20:21:11,franz-maikaefer
2020-04-20 13:59:31,davehowell
2020-04-20 21:41:00,pruthvi6767
2020-04-21 13:30:04,ricardojdferreira
2020-04-22 02:09:59,walthertimmer
2020-04-22 03:54:33,tuzlaci
2020-04-22 14:47:06,marksteve
2020-04-22 15:03:52,magnusfurugard
2020-04-22 18:31:57,flagbug
2020-04-22 19:17:13,yusufumac
2020-04-22 21:26:37,mmvlad
2020-04-22 21:53:57,alejandrodumas
2020-04-22 23:24:17,anildatamatics
2020-04-22 23:49:52,pbnjay
2020-04-23 01:55:21,tyrchen
2020-04-23 01:55:22,swanderz
2020-04-23 02:27:36,rogervaas
2020-04-23 05:21:14,craigpfeifer
2020-04-23 05:32:49,eevmanu
2020-04-23 07:23:38,maynewong
2020-04-23 08:42:13,fabioseidl
2020-04-23 13:37:10,gauthamzz
2020-04-23 16:23:46,tedmiston
2020-04-23 19:19:28,pjstein
2020-04-23 20:02:33,dinesh-ms
2020-04-23 23:09:25,noahjgreen295
2020-04-24 00:57:49,k-nithin
2020-04-24 02:47:57,valegrajales
2020-04-24 06:38:17,gmcesar
2020-04-24 07:15:04,Ulminator
2020-04-24 15:44:28,dineshgds
2020-04-24 17:25:45,Lothilius
2020-04-25 23:29:13,jstoobz
2020-04-26 02:00:45,kyleries
2020-04-26 11:53:20,MaloChevillotte
2020-04-27 18:54:42,ucg8j
2020-04-27 21:45:08,lucasmuller
2020-04-27 22:53:49,homutov
2020-04-27 23:18:35,andydavies
2020-04-27 23:33:28,rumikk
2020-04-28 00:00:07,vishalbajaj2000
2020-04-28 01:16:25,jfallt
2020-04-28 10:32:16,frieds
2020-04-29 14:15:20,samueltobyknight
2020-04-29 20:15:50,larsmartens
2020-04-29 22:39:05,nilsdebruin
2020-04-30 02:34:10,tomgilbertson
2020-04-30 03:12:34,bueller
2020-04-30 09:34:33,modeldevtools
2020-04-30 12:50:30,chuckwoody
2020-04-30 17:01:31,achicha
2020-04-30 18:14:23,SAr2r
2020-04-30 23:57:22,dev-mcm
2020-05-01 00:16:17,randypitcherii
2020-05-01 11:08:12,divakarhebbar
2020-05-01 15:55:04,michaelmior
2020-05-01 18:25:54,tkoym
2020-05-02 01:22:40,dav009
2020-05-02 17:45:29,kienli
2020-05-04 05:09:38,gaui
2020-05-04 22:46:54,PapiPeppers
2020-05-05 01:53:04,coapacetic
2020-05-05 07:14:03,davidsr2r
2020-05-05 19:53:37,cpashk
2020-05-06 20:55:33,rootchina
2020-05-07 08:52:50,astrostl
2020-05-07 11:51:42,yamaszone
2020-05-08 04:01:56,dwasse
2020-05-09 14:42:12,nabiuddin6
2020-05-09 20:58:56,ak2k
2020-05-10 13:19:36,dgilboa
2020-05-11 17:02:01,masanobbb
2020-05-11 18:02:20,hhelisvaara
2020-05-11 18:52:25,kaemo
2020-05-12 01:07:11,zago
2020-05-12 15:53:47,loftwah
2020-05-12 18:24:01,BeiXiao
2020-05-13 15:01:51,philipp-heinrich
2020-05-14 05:03:35,saouderkirk
2020-05-14 07:16:12,zhakkapong
2020-05-14 14:26:13,yaoyaoustc
2020-05-14 22:20:51,fedorov
2020-05-15 13:48:55,mmeasic
2020-05-15 19:07:59,kj002
2020-05-15 21:38:40,alavibazam
2020-05-18 14:16:45,hashkanna
2020-05-18 16:28:03,miyeung
2020-05-18 23:15:25,drkarthi
2020-05-19 05:45:00,jameslamb
2020-05-19 07:43:40,randxie
2020-05-19 08:38:20,joonyoo
2020-05-19 12:29:26,badnotes
2020-05-20 06:47:13,dingweihua
2020-05-20 07:46:06,t04glovern
2020-05-20 13:07:59,PlatformCore
2020-05-20 18:42:07,puruzio
2020-05-20 21:34:26,sfc-gh-aseitz
2020-05-21 01:23:45,brianschillaci
2020-05-21 04:25:00,dr3s
2020-05-21 09:34:22,bynr
2020-05-21 17:30:20,ariffyasri
2020-05-22 10:24:01,nemccarthy
2020-05-23 08:49:11,alswang18
2020-05-23 11:03:31,nsphung
2020-05-23 15:43:02,JamesAngus
2020-05-23 18:20:28,pomazanbohdan
2020-05-24 19:08:38,ktny
2020-05-24 22:02:51,gflores1023
2020-05-25 19:37:32,awgeezrick
2020-05-26 09:34:27,hs2k
2020-05-26 21:43:59,samasinger
2020-05-27 14:10:08,ns-admetrics
2020-05-27 21:52:51,flixhh
2020-05-28 01:26:20,manojSelvam
2020-05-28 01:32:45,skvorn
2020-05-28 05:18:35,ludbertier
2020-05-28 15:53:38,tristanmayer
2020-05-28 16:10:10,lucianosb
2020-05-28 22:04:25,sgoley
2020-05-29 06:49:05,gimdongwoo
2020-05-29 12:48:50,jsjohns
2020-05-29 16:39:42,hitzand
2020-05-30 16:28:30,ilkinulas
2020-05-30 16:49:32,gardnerdev
2020-06-01 19:33:18,aphethean1
2020-06-01 22:43:52,skateinmars
2020-06-02 01:46:53,Shinnnyshinshin
2020-06-02 08:16:29,jchenff
2020-06-02 09:20:11,gamebusterz
2020-06-02 14:39:17,vishal38-isharani
2020-06-02 16:33:50,estasney
2020-06-02 22:12:57,NickLeoMartin
2020-06-03 04:07:44,chengzeeyo
2020-06-03 04:30:34,levbrie
2020-06-03 13:25:30,younescha
2020-06-04 11:25:38,joshuataylor
2020-06-04 22:25:51,brdhunga
2020-06-04 23:57:52,dhfromkorea
2020-06-05 05:58:33,Baoqi
2020-06-05 08:53:39,kousikan
2020-06-05 14:17:42,fannheyward
2020-06-05 16:26:43,batuwa
2020-06-05 18:13:14,ik5
2020-06-05 18:41:51,namdnguyen
2020-06-05 18:56:08,skrzym
2020-06-06 00:06:57,arman-ashrafian
2020-06-06 15:24:17,arniwesth
2020-06-06 17:46:14,zifeo
2020-06-06 20:06:58,hartca
2020-06-07 05:12:38,jeevb
2020-06-07 05:51:41,rphaneendra
2020-06-07 07:03:24,kazukgw
2020-06-07 10:47:11,flrngel
2020-06-08 08:08:43,n3n
2020-06-08 11:37:04,joaojunceira
2020-06-08 19:12:37,chakri99
2020-06-08 23:09:56,kindjacket
2020-06-08 23:44:57,agessner
2020-06-09 06:16:34,bradleybonitatibus
2020-06-09 11:14:45,dalebradman
2020-06-09 22:50:33,rsyi
2020-06-10 02:49:34,loganlinn
2020-06-11 07:46:45,andrewokello
2020-06-11 12:56:07,fernandobrito
2020-06-11 22:22:22,mrrobby
2020-06-11 23:41:13,yrezgui
2020-06-12 21:27:53,RAbramson1
2020-06-12 21:50:48,dennishilgy
2020-06-13 02:53:42,sarahspak
2020-06-13 09:32:11,whilp
2020-06-15 04:17:40,josearangos
2020-06-15 06:02:11,shahadathossain
2020-06-15 06:09:28,xiaochuan-du
2020-06-15 08:00:14,JohnaGaleano
2020-06-15 21:54:15,kwigley
2020-06-15 23:59:55,bfockler
2020-06-16 02:01:20,joshuasimon-taulia
2020-06-16 08:32:52,azhard
2020-06-17 16:03:43,daefresh
2020-06-17 17:08:08,bodschut
2020-06-18 05:50:04,delphi1989
2020-06-18 14:18:41,gwerbin
2020-06-18 16:46:15,bratao
2020-06-18 18:23:38,noahshpak
2020-06-18 18:38:01,jasonhero
2020-06-18 19:03:01,bokwoon95
2020-06-18 21:05:53,pauhoms
2020-06-18 21:14:55,itamarst
2020-06-19 00:28:27,Ace-Bansal
2020-06-19 04:11:52,rrrai
2020-06-19 12:50:36,threefoldo
2020-06-19 16:24:36,uetoyo
2020-06-19 16:25:00,edwinnab
2020-06-20 00:36:55,brizzbane
2020-06-20 02:36:32,Jimbojones1
2020-06-20 02:49:58,Black-Milk
2020-06-20 02:50:45,admariner
2020-06-20 08:54:22,mmacedoeu
2020-06-21 02:14:27,justinioanna
2020-06-21 07:00:31,fire
2020-06-21 11:10:37,jjbiggins
2020-06-21 23:07:38,jimmyshah
2020-06-22 01:01:14,asheraryam
2020-06-22 09:44:16,dallyhorton
2020-06-23 04:20:54,kennak0
2020-06-23 06:26:10,vafleite
2020-06-23 07:53:52,teguhn
2020-06-23 18:49:31,julien2x
2020-06-24 20:20:14,sanjc
2020-06-24 21:40:32,davidstocker
2020-06-25 03:46:53,phunt
2020-06-25 05:18:59,Bubbassauro
2020-06-25 05:46:42,risdenk
2020-06-25 15:19:14,leepeterson
2020-06-25 15:47:43,senthilmk
2020-06-25 17:14:56,fastalana
2020-06-25 22:35:57,jfreeland
2020-06-26 01:25:40,boyuan-li
2020-06-26 10:10:04,kzkohashi
2020-06-26 19:51:56,naveedn
2020-06-27 00:53:15,codingtacos
2020-06-29 17:43:39,y-tee
2020-07-01 16:08:12,fivetran-kevinh
2020-07-02 01:06:03,ruisun-pep
2020-07-02 13:34:32,loyogo
2020-07-02 18:43:54,w0ut0
2020-07-02 22:02:14,ziwon
2020-07-03 17:59:41,mtvu
2020-07-04 01:31:02,ClaudioSiervi
2020-07-04 02:57:44,nomadhermit
2020-07-04 22:10:13,genemerrill
2020-07-05 06:16:20,lu-zen
2020-07-06 18:39:45,chuvanan
2020-07-07 05:47:42,jch254
2020-07-07 14:59:31,gouline
2020-07-07 15:39:11,gorros
2020-07-07 17:59:48,darreldonnelly
2020-07-07 23:00:21,cdcutler
2020-07-09 17:51:31,e01n0
2020-07-09 19:36:14,profoundpanda
2020-07-09 22:56:08,GarrettMooney
2020-07-10 10:12:36,mtbirdsall
2020-07-10 14:56:29,armand1m
2020-07-11 02:17:25,d3v3l0
2020-07-11 05:14:17,ovrmrw
2020-07-11 06:31:15,wintermi
2020-07-11 10:41:20,phildegreat
2020-07-11 11:03:42,aminamos
2020-07-13 17:49:57,jaharnum
2020-07-14 20:12:16,jreislovys
2020-07-15 10:00:37,edmundyan
2020-07-15 12:26:35,LeoCo
2020-07-15 19:39:39,jc628
2020-07-16 02:15:04,tejasmanohar
2020-07-16 04:35:40,convoy-lb
2020-07-17 23:28:54,Restuta
2020-07-18 01:27:31,kostiantyn-nemchenko
2020-07-18 17:24:28,osule
2020-07-19 00:27:54,ivanovyordan
2020-07-19 08:05:00,peristeri
2020-07-19 17:49:07,sergey-vdovin
2020-07-19 19:46:54,alansastre
2020-07-20 00:02:04,pcieslinski
2020-07-20 02:52:30,LuisReinoso
2020-07-20 10:12:42,timnon
2020-07-20 11:57:09,santos22
2020-07-20 15:10:13,ShivaShinde
2020-07-20 17:28:23,ccierkanciftci
2020-07-20 22:56:34,ferpieklo
2020-07-21 09:37:26,darwinz
2020-07-21 15:57:32,christophschnabl
2020-07-23 21:30:56,cruznunez
2020-07-24 04:57:16,tzw5099
2020-07-24 16:32:44,Wwwound
2020-07-25 03:08:02,colin-bl
2020-07-25 03:45:01,bdelamotte
2020-07-25 05:35:04,supersum9
2020-07-25 10:25:03,daikikohara
2020-07-25 11:03:46,hendrysuwanda
2020-07-26 17:23:23,semyont
2020-07-26 20:17:22,mpolatcan
2020-07-27 04:39:55,letusfly85
2020-07-27 08:04:19,mikealfare
2020-07-27 08:13:43,ryano144
2020-07-27 08:28:58,safwank
2020-07-28 02:21:05,azell
2020-07-28 03:18:21,marcosgama
2020-07-28 06:39:09,bvsubhash
2020-07-29 18:10:25,softwarecoolie
2020-07-29 18:10:46,ivansabik
2020-07-29 21:35:33,shukwong
2020-07-30 00:04:25,kushsharma
2020-07-30 00:33:38,morphar
2020-07-30 01:45:12,joenap
2020-07-30 13:28:03,dmpacheco
2020-07-30 16:02:43,laughingman7743
2020-07-30 16:34:31,Zhas1ke
2020-07-30 19:47:05,apbenn
2020-07-30 21:04:02,gauravprachchhak
2020-07-30 23:32:08,dkozlov
2020-07-31 14:32:44,shenghuahe-rocketech
2020-07-31 20:03:12,P3n9W31
2020-07-31 21:44:53,tonypiazza
2020-08-01 09:19:27,yihengli
2020-08-01 10:44:30,juanchristensen
2020-08-02 09:41:42,hardikudeshi
2020-08-02 09:42:40,oleg-borodai
2020-08-02 11:33:27,zigius
2020-08-03 01:46:24,raymar13
2020-08-03 15:39:31,Ofir-Purple
2020-08-03 19:09:45,mrfuxi
2020-08-03 20:33:14,joofio
2020-08-03 22:23:14,pravin-gadekar
2020-08-05 04:13:36,prince-lab
2020-08-05 15:29:12,northtree
2020-08-05 18:09:40,JCZuurmond
2020-08-06 11:46:47,sdebruyn
2020-08-06 17:57:32,ceddlyburge
2020-08-06 18:45:17,tcolo
2020-08-06 23:50:24,likeshumidity
2020-08-07 08:15:00,kylesome
2020-08-07 10:35:11,informixter
2020-08-07 18:37:31,m4rcelofs
2020-08-07 20:14:08,VaclavDedik
2020-08-08 03:11:09,kyletuft
2020-08-09 14:48:52,christiano
2020-08-09 21:31:11,axsaucedo
2020-08-10 13:42:34,kirsuboch
2020-08-10 14:33:13,zachhhhh
2020-08-11 10:28:54,congyh
2020-08-12 05:12:10,86
2020-08-12 06:47:00,seanofahey
2020-08-12 18:01:23,Grey2k
2020-08-12 18:04:23,jacobdanovitch
2020-08-12 21:36:50,nlicalzi
2020-08-13 00:08:49,osmanmesutozcan
2020-08-13 05:59:19,sac2171
2020-08-13 16:03:35,liuyihan
2020-08-13 20:47:35,tarasowski
2020-08-13 22:28:35,diit
2020-08-13 23:59:22,KatherineMichel
2020-08-14 01:38:08,tntobias
2020-08-14 12:23:45,akingozubek
2020-08-15 14:16:08,nlecoy
2020-08-17 10:05:56,jtinsky
2020-08-17 15:17:17,linuer
2020-08-17 19:15:19,gmontanola
2020-08-18 00:56:26,aaron-ortega
2020-08-18 06:57:56,reidwil
2020-08-18 13:43:18,arauter
2020-08-19 06:28:50,enaluz
2020-08-19 17:17:44,lidalei
2020-08-19 19:19:59,joseph-jnl
2020-08-20 07:29:59,smorton2
2020-08-21 22:45:49,jmeisele
2020-08-22 21:41:28,joekirincic
2020-08-24 00:29:50,eh2deni
2020-08-24 00:56:17,shereshevsky
2020-08-24 04:30:29,byule
2020-08-24 16:13:25,fabrice-etanchaud
2020-08-24 21:56:52,kjson
2020-08-24 22:20:40,breck7
2020-08-24 23:03:54,doggeddev
2020-08-24 23:40:11,WillHogan
2020-08-25 00:46:40,jasonruyle
2020-08-25 06:07:30,HunterEl
2020-08-25 21:30:57,sakibdadi
2020-08-26 07:02:51,ankursinha18
2020-08-26 15:18:37,nblumoe
2020-08-27 05:07:26,rasyidstat
2020-08-27 09:43:00,loicsaintroch
2020-08-27 18:52:10,jlangedangle
2020-08-27 22:15:44,Nuttenscl
2020-08-28 00:35:30,Mr-Nobody99
2020-08-28 01:22:59,itsAlexK
2020-08-28 06:22:35,bermi
2020-08-28 10:40:00,esserdaniel
2020-08-28 11:24:31,will-fong
2020-08-28 19:43:27,rilut
2020-08-29 03:07:02,pplonski
2020-08-29 05:15:11,TripHumphrey
2020-08-30 21:36:26,Jefersonalves
