created_at,user_id
2020-08-16 12:50:19,CrackerCat
2020-08-08 11:50:04,xxtxiaofeng
2020-07-14 10:08:57,linuxaddict89
2020-07-04 10:48:51,YagamiHikari
2020-06-29 21:32:04,gesneriana
2020-06-11 11:57:46,wxjwz
2020-05-30 02:27:09,5l1v3r1
2020-05-13 23:46:03,JieNou
2020-05-12 12:30:11,blindmatrix
2020-05-07 15:34:13,DiamondSystems
2020-05-04 22:03:38,devil-2
2020-04-14 19:46:12,gbody
2020-04-07 22:31:30,erenes
2020-03-21 05:26:50,claunia
2020-03-08 01:49:25,LongJohnCoder
2020-03-05 06:13:15,Piruzzolo
2020-02-29 18:12:34,NantionalGameLab
2020-01-30 14:17:33,dl1109783
2020-01-22 10:59:50,chostelet
2020-01-16 11:28:42,leijuzi
2020-01-07 14:13:07,MarioHsiao
2020-01-04 00:24:04,Cyper77
2019-12-29 17:16:31,ravinder64
2019-12-19 15:02:24,Klanly
2019-11-18 19:37:32,ermshiperete
2019-11-08 08:16:50,attackgithub
2019-10-28 16:50:32,zeevro
2019-10-20 00:16:51,Seabreg
2019-10-14 11:46:48,tytok
2019-10-12 08:21:47,yang123vc
2019-09-11 03:27:25,djkurtb
2019-09-02 10:38:18,siserin
2019-08-03 19:21:45,plcode7
2019-07-26 06:50:19,yuejianli
2019-07-20 18:55:18,Backup-eric645
2019-07-14 06:29:41,0x6b7966
2019-07-09 04:29:34,JacobPimental
2019-06-21 17:07:35,marinehero
2019-06-18 14:37:43,planetminguez
2019-06-08 20:39:31,kufan
2019-05-24 14:34:33,Pateldisolution
2019-04-17 09:25:36,Wannabe99
2019-04-15 01:10:54,gitmesam
2019-04-14 20:50:15,kisslike
2019-04-13 19:59:47,ikvm
2019-04-13 19:43:31,huaxinzhu2004
2019-04-12 12:50:08,wangchengqun
2019-04-12 06:42:27,secwxx
2019-04-11 06:25:03,x0james
2019-04-11 06:07:59,309746069
2019-04-11 05:55:39,wdnmd-RushB
2019-04-10 18:05:04,jinwendaiya
2019-04-10 13:19:08,makulu1987
2019-04-10 12:52:34,b-xiang
2019-04-10 11:13:28,pharazone
2019-03-28 00:59:22,zan00789
2019-03-22 05:47:29,ZenixYang
2019-03-21 17:47:42,fengjixuchui
2019-03-17 00:05:43,Cairn23
2019-03-03 03:26:57,stjordanis
2019-02-27 09:36:16,sycomix
2019-02-27 07:13:38,killvxk
2019-02-27 01:35:14,justinhachemeister
2019-02-26 00:41:39,rajivraj
2019-02-25 20:35:23,johnjohnsp1
2019-02-25 17:57:44,c002
2019-02-22 17:54:46,lvxingtu
2019-02-15 13:12:30,ming-hai
2019-02-03 02:41:12,jeffli678
2019-02-02 19:21:04,SciSharp
2019-01-14 22:38:03,victor3frainGmail
2018-11-27 17:42:06,appbuntu
2018-11-16 13:44:52,heruix
2018-11-06 05:51:11,wesinator
2018-10-22 14:56:37,modulexcite
2018-10-10 14:35:27,omunroe-com
2018-09-18 12:39:29,wdigger
2018-09-03 02:06:58,ghmole
2018-07-31 11:22:21,DeeLMind
2018-07-15 06:36:26,legendarynacar
2018-06-20 07:38:29,Jeremy517
2018-05-24 18:07:43,anotheranalyst
2018-05-07 12:11:48,iTudou2016
2018-01-27 05:44:02,VladRassokhin
2017-11-23 17:09:50,Eng-RSMY
2017-11-01 03:26:17,Maranux
2017-10-17 09:23:16,MisterLobo
2017-04-28 21:36:55,pombredanne
2017-02-16 02:43:50,IMAGE-ET
2017-01-26 04:28:37,sgml
2017-01-21 19:03:15,Kalmalyzer
2017-01-10 11:27:31,rain6851
2017-01-09 03:24:26,smx-smx
2017-01-08 15:00:35,olivierh59500
2016-12-12 20:29:07,MeFisto94
2016-11-21 01:11:10,a2intl
2016-10-20 20:07:56,juanmaneo
2016-10-03 06:50:06,relaxar
2016-08-03 16:02:49,xor2003
2016-07-21 01:58:56,fourks
2016-06-06 14:05:35,Lukas-Dresel
2016-05-12 14:01:57,Trietptm-on-Security
2016-05-05 07:31:52,roman-murashov
2016-04-24 21:59:05,Godzil
2016-02-02 12:32:39,gitter-badger
2015-12-23 13:11:45,CppStars
2015-12-19 16:20:18,Prashant-Jonny
2015-12-18 22:15:47,ptomin
2015-12-09 08:19:46,CoolName11
2015-11-05 17:53:33,ststeiger
2015-10-07 18:28:20,feelworld
2015-09-16 04:48:20,MavenRain
2015-08-21 14:40:56,gh0std4ncer
2015-08-19 17:51:48,nemerle
2015-08-03 00:01:29,mewbak
2015-08-02 17:21:17,chubbymaggie
2015-07-29 05:35:55,mmyydd
2015-07-27 07:45:49,killbug2004
